path,class,brightness,contrast,sharpness,edge_density,green_fraction,saturation,tags
D:\Authenticity_Gap_Project\real\Tomato_Late_blight\ceec7525-b67e-43fc-8967-77d57133afba___RS_Late.B 5586.JPG,Tomato_Late_blight,130.38368225097656,34.83452251997914,1415.8533647060394,0.068511962890625,0.07733154296875,48.46369934082031,partial_or_small_leaf
D:\Authenticity_Gap_Project\real\Tomato_Late_blight\531d1dc7-d864-4464-b2ad-1fc76f825021___GHLB2 Leaf 8742.JPG,Tomato_Late_blight,116.57194519042969,21.35324069884239,548.6423033473548,0.017822265625,0.0507354736328125,29.936737060546875,"low_contrast, partial_or_small_leaf, washed_out_colour"
D:\Authenticity_Gap_Project\real\Potato___Late_blight\93d91b96-e024-477c-9b76-796e3f1614d4___RS_LB 3297.JPG,Potato___Late_blight,118.18952941894531,69.60109935803044,5971.711883902317,0.1616363525390625,0.0225830078125,71.02000427246094,partial_or_small_leaf
D:\Authenticity_Gap_Project\real\Tomato_Early_blight\d4d20c99-4cf3-4ecc-95ae-a964560cfeed___RS_Erly.B 9604.JPG,Tomato_Early_blight,98.36183166503906,43.03750339047832,2045.0337907960638,0.1270599365234375,0.248046875,61.87605285644531,no_visible_trait
D:\Authenticity_Gap_Project\real\Tomato_Late_blight\4de5d2c4-bed5-436a-95e2-bcf43a1723fd___GHLB2 Leaf 8727.JPG,Tomato_Late_blight,114.16360473632812,17.094719317924188,627.4423416322097,0.0280609130859375,0.1057281494140625,28.537857055664062,"low_contrast, partial_or_small_leaf, washed_out_colour"
D:\Authenticity_Gap_Project\real\Tomato_Late_blight\960137a5-2b52-4349-8c33-cb8b7afed9eb___GHLB2 Leaf 8765.JPG,Tomato_Late_blight,123.64898681640625,22.107124751848023,884.8830249567982,0.0297088623046875,0.066253662109375,33.48237609863281,"low_contrast, partial_or_small_leaf, washed_out_colour"
D:\Authenticity_Gap_Project\real\Tomato_Late_blight\e242de40-3f89-46e9-b490-d42378965c9f___RS_Late.B 5595.JPG,Tomato_Late_blight,131.4935302734375,28.657054895799067,2345.0180538743734,0.0704498291015625,0.0794525146484375,39.44071960449219,partial_or_small_leaf
D:\Authenticity_Gap_Project\real\Tomato_Early_blight\3f35dad7-734b-46ee-8193-09fd3c8562ff___RS_Erly.B 7600.JPG,Tomato_Early_blight,95.90499877929688,40.44263540447718,914.0725180560257,0.0568389892578125,0.0401611328125,32.42997741699219,"dark, partial_or_small_leaf, washed_out_colour"
D:\Authenticity_Gap_Project\real\Tomato_Late_blight\f7d235fa-e0ef-4475-88d2-3bfa79f1ab6f___RS_Late.B 7059.JPG,Tomato_Late_blight,164.76376342773438,50.91732708189558,5385.487986983499,0.17254638671875,0.113372802734375,42.86480712890625,"overexposed, partial_or_small_leaf"
D:\Authenticity_Gap_Project\real\Tomato_Early_blight\ad567130-1714-4f31-9735-9ffe4b373964___RS_Erly.B 7623.JPG,Tomato_Early_blight,100.7276611328125,53.80581014463694,294.6946704238653,0.0621185302734375,0.201171875,39.893829345703125,"blurry, partial_or_small_leaf"
D:\Authenticity_Gap_Project\real\Tomato_Late_blight\d31734a0-98c8-43a2-9b17-166785e192f8___GHLB2 Leaf 8706.JPG,Tomato_Late_blight,117.1988525390625,16.79106029155346,944.1072871403303,0.034454345703125,0.205718994140625,44.869415283203125,low_contrast
D:\Authenticity_Gap_Project\real\Tomato_Bacterial_spot\13affc42-3a89-4a99-97aa-98f41682a71e___UF.GRC_BS_Lab Leaf 0546.JPG,Tomato_Bacterial_spot,109.0335693359375,29.164087652414768,621.5883742114529,0.06646728515625,0.062408447265625,40.593994140625,partial_or_small_leaf
D:\Authenticity_Gap_Project\real\Tomato_Late_blight\3e7acc8a-73b1-4c21-bc67-bb6e65c4d373___GHLB Leaf 8.1 Day 12.JPG,Tomato_Late_blight,111.74922180175781,50.03939723802337,192.88415003474802,0.0188751220703125,0.518646240234375,77.95765686035156,blurry
D:\Authenticity_Gap_Project\real\Tomato_Late_blight\8c36f3d7-3aee-4341-8319-449e3f5e6f79___RS_Late.B 5596.JPG,Tomato_Late_blight,127.63037109375,33.00249451182311,1571.1291837356985,0.0578155517578125,0.102935791015625,37.716156005859375,"partial_or_small_leaf, washed_out_colour"
D:\Authenticity_Gap_Project\real\Tomato_Late_blight\7973db5e-9bc6-4573-9173-f0ef7f1d62d6___GHLB Leaf 23.4 Day 18.JPG,Tomato_Late_blight,115.88992309570312,50.14270344729006,108.68458651006222,0.0393524169921875,0.4741058349609375,60.89837646484375,blurry
D:\Authenticity_Gap_Project\real\Tomato_Late_blight\b45f36d3-b367-4c96-9e4d-a8da7c8c584d___RS_Late.B 5195.JPG,Tomato_Late_blight,90.10304260253906,48.61889596839823,3399.359810229391,0.1423797607421875,0.088409423828125,60.192657470703125,"dark, partial_or_small_leaf"
D:\Authenticity_Gap_Project\real\Tomato_Late_blight\25bfd51b-6db7-42a5-9990-992f52a0c836___GHLB2 Leaf 61.JPG,Tomato_Late_blight,102.30067443847656,31.647604894228987,357.08325023110956,0.054534912109375,0.5731964111328125,64.04397583007812,blurry
D:\Authenticity_Gap_Project\real\Tomato_Bacterial_spot\ffabbe39-4939-414b-af91-825f80fa4d4a___UF.GRC_BS_Lab Leaf 0870.JPG,Tomato_Bacterial_spot,117.15908813476562,43.8594684721188,841.9473224868998,0.0972137451171875,0.318878173828125,54.8603515625,no_visible_trait
D:\Authenticity_Gap_Project\real\Tomato_Early_blight\6ccc0cdb-d420-4bc6-9a1a-d195a0521c19___RS_Erly.B 9437.JPG,Tomato_Early_blight,90.79988098144531,48.575755064521374,1018.9323059013113,0.07647705078125,0.1082611083984375,50.25799560546875,"dark, partial_or_small_leaf"
D:\Authenticity_Gap_Project\real\Tomato_Early_blight\2998c7f2-9f4f-4734-aa39-403dd7211869___RS_Erly.B 7528.JPG,Tomato_Early_blight,106.50711059570312,44.86637820014898,371.4915595592465,0.059356689453125,0.4812469482421875,47.64892578125,blurry
D:\Authenticity_Gap_Project\real\Tomato_Late_blight\13533985-e30d-4023-8bd3-7a45b07816ca___RS_Late.B 5593.JPG,Tomato_Late_blight,129.08123779296875,32.46806562126267,2604.1854067218956,0.0843963623046875,0.069549560546875,40.85969543457031,partial_or_small_leaf
D:\Authenticity_Gap_Project\real\Tomato_Bacterial_spot\4913ff90-0ca7-43b5-a157-a8ab19e43f12___UF.GRC_BS_Lab Leaf 0537.JPG,Tomato_Bacterial_spot,119.36146545410156,25.566043746492365,800.3115131871309,0.0890350341796875,0.140289306640625,54.66339111328125,partial_or_small_leaf
D:\Authenticity_Gap_Project\real\Tomato_Early_blight\a1e875bd-5c06-4031-b0c0-9413d754df0e___RS_Erly.B 8221.JPG,Tomato_Early_blight,118.43197631835938,69.90676935627529,6572.988400723785,0.1871185302734375,0.080413818359375,82.67315673828125,partial_or_small_leaf
D:\Authenticity_Gap_Project\real\Tomato_Late_blight\04ba0ca5-c52c-4bab-897b-2d38f7835a03___RS_Late.B 5631.JPG,Tomato_Late_blight,120.18342590332031,30.773499985362793,2570.0094958832487,0.0899505615234375,0.082000732421875,53.84208679199219,partial_or_small_leaf
D:\Authenticity_Gap_Project\real\Tomato_Late_blight\44902d94-0273-4f60-ae20-d0ea4b202452___RS_Late.B 5587.JPG,Tomato_Late_blight,125.28065490722656,39.01106162346831,2512.891665801406,0.1001739501953125,0.152679443359375,58.320892333984375,partial_or_small_leaf
D:\Authenticity_Gap_Project\real\Tomato_Late_blight\0dd9d965-d68a-4e47-ba02-ebcadf13c7ae___GHLB2 Leaf 78.1.JPG,Tomato_Late_blight,121.24430847167969,35.27925819245529,341.0017601212021,0.0335235595703125,0.3990631103515625,53.039154052734375,blurry
D:\Authenticity_Gap_Project\real\Tomato_Late_blight\c042e7e2-a583-4709-b944-830965256802___GHLB2 Leaf 110.JPG,Tomato_Late_blight,74.77621459960938,26.71919086673636,1324.2123941145837,0.075653076171875,0.2455596923828125,57.71905517578125,dark
D:\Authenticity_Gap_Project\real\Tomato_Early_blight\a67b9ba1-99ff-4826-8f7b-1b89ca61980e___RS_Erly.B 7597.JPG,Tomato_Early_blight,101.50404357910156,55.84130456844044,678.106066133827,0.048309326171875,0.0370330810546875,50.58741760253906,partial_or_small_leaf
D:\Authenticity_Gap_Project\real\Tomato_Early_blight\22247648-1650-43d5-8a9b-e03f63cf2f1c___RS_Erly.B 7535.JPG,Tomato_Early_blight,94.066162109375,42.54278585079234,1158.481363111874,0.069793701171875,0.2239990234375,71.43357849121094,dark
D:\Authenticity_Gap_Project\real\Tomato_Late_blight\1869d21d-5461-4378-bddb-8de766b836f7___GHLB Leaf 12 Day 6.JPG,Tomato_Late_blight,95.58990478515625,41.60937431809421,234.8391262681689,0.0169219970703125,0.3265228271484375,38.58915710449219,"dark, blurry, washed_out_colour"
D:\Authenticity_Gap_Project\real\Tomato_Early_blight\3198b703-d5d5-46e9-9b8f-399d5531b5c4___RS_Erly.B 8364.JPG,Tomato_Early_blight,120.04393005371094,64.35206453503173,5665.2793820870575,0.182220458984375,0.2079620361328125,76.35191345214844,no_visible_trait
D:\Authenticity_Gap_Project\real\Tomato_Late_blight\60196a6c-a134-4107-8178-d1bb47450cee___GHLB Leaf 23.1 Day 9.jpg,Tomato_Late_blight,131.96055603027344,65.69742992342523,961.3522483350243,0.0920867919921875,0.6672210693359375,83.28828430175781,no_visible_trait
D:\Authenticity_Gap_Project\real\Tomato_Early_blight\d6ac1972-b67c-422e-b81d-11f2f1d9ec5f___RS_Erly.B 9435.JPG,Tomato_Early_blight,139.99525451660156,66.56043812875274,5195.761489983648,0.1534423828125,0.115447998046875,44.572784423828125,"overexposed, partial_or_small_leaf"
D:\Authenticity_Gap_Project\real\Potato___Late_blight\93935af4-3aae-4dd6-90d9-fb28e439faf0___RS_LB 3299.JPG,Potato___Late_blight,126.2076416015625,61.553511302099125,5064.01042173407,0.1574859619140625,0.0377349853515625,69.33935546875,partial_or_small_leaf
D:\Authenticity_Gap_Project\real\Tomato_Late_blight\a5fe1111-38b0-4206-9ac7-3eec701beb79___GHLB2 Leaf 8868.JPG,Tomato_Late_blight,125.32038879394531,23.38556087298221,327.1596698611975,0.02545166015625,0.1393890380859375,36.3560791015625,"blurry, partial_or_small_leaf, washed_out_colour"
D:\Authenticity_Gap_Project\real\Tomato_Late_blight\08a723e4-6b51-4395-8013-b1f3f03709b8___GHLB2 Leaf 8967.JPG,Tomato_Late_blight,118.83303833007812,18.746780772391848,777.8592500647064,0.028717041015625,0.073944091796875,31.41119384765625,"low_contrast, partial_or_small_leaf, washed_out_colour"
D:\Authenticity_Gap_Project\real\Tomato_Late_blight\4431e0a9-f61b-4eff-a592-506a6c6606b2___RS_Late.B 7104.JPG,Tomato_Late_blight,146.1959686279297,44.71385603060833,4570.091476853937,0.1581573486328125,0.1011962890625,46.68598937988281,"overexposed, partial_or_small_leaf"
D:\Authenticity_Gap_Project\real\Tomato_Late_blight\b982e973-aede-4317-92fb-b8a2385d3172___RS_Late.B 5465.JPG,Tomato_Late_blight,113.06388854980469,53.24404136002385,2392.408398722997,0.099609375,0.057220458984375,58.1502685546875,partial_or_small_leaf
D:\Authenticity_Gap_Project\real\Tomato_Late_blight\77cd23c3-22fe-4d04-babe-89db464dbddd___GHLB Leaf 6 Day 6.JPG,Tomato_Late_blight,104.39483642578125,36.24610305626297,78.42197202146053,0.013641357421875,0.7244873046875,71.20193481445312,blurry
D:\Authenticity_Gap_Project\real\Tomato_Late_blight\f91c4442-ad78-4785-b1a4-239b45b56ca1___GHLB2 Leaf 110.1.JPG,Tomato_Late_blight,110.91987609863281,35.5370063287257,4629.182523712516,0.158599853515625,0.2433624267578125,42.35215759277344,no_visible_trait
D:\Authenticity_Gap_Project\real\Tomato_Early_blight\ba19f779-d0cf-4bc7-88df-96e6080fdc96___RS_Erly.B 7599.JPG,Tomato_Early_blight,111.98989868164062,38.197632951533606,1308.1096050569322,0.08966064453125,0.06103515625,33.46966552734375,"partial_or_small_leaf, washed_out_colour"
D:\Authenticity_Gap_Project\real\Tomato_Late_blight\a7cee503-4a3e-42dc-963c-2ae166064f6a___RS_Late.B 5602.JPG,Tomato_Late_blight,124.90634155273438,40.646346390806485,1893.408204437932,0.0925445556640625,0.115966796875,40.48948669433594,partial_or_small_leaf
D:\Authenticity_Gap_Project\real\Tomato_Early_blight\c410d512-4708-49dd-ba8f-efce2796a3f5___RS_Erly.B 7602.JPG,Tomato_Early_blight,95.89999389648438,44.55394408024313,1598.664847072214,0.099334716796875,0.201446533203125,60.921539306640625,"dark, partial_or_small_leaf"
D:\Authenticity_Gap_Project\real\Tomato_Late_blight\21f3629a-8126-4f23-85c5-05636ff87644___RS_Late.B 6906.JPG,Tomato_Late_blight,137.84832763671875,64.86052545343568,4796.910463161534,0.1515350341796875,0.105072021484375,57.80284118652344,"overexposed, partial_or_small_leaf"
D:\Authenticity_Gap_Project\real\Tomato_Late_blight\0fca6d09-1931-4767-a195-1dd2b7cd10b7___GHLB Leaf 8 Day 12.JPG,Tomato_Late_blight,112.81459045410156,57.83190290014039,449.09375995001756,0.0210418701171875,0.3845062255859375,59.114715576171875,blurry
D:\Authenticity_Gap_Project\real\Tomato_Late_blight\e4f561cc-0e83-4718-90bf-2648db94a4bb___GHLB2 Leaf 162.1.JPG,Tomato_Late_blight,117.68519592285156,29.3118228213264,226.77573668188415,0.032806396484375,0.2899627685546875,30.130966186523438,"blurry, washed_out_colour"
D:\Authenticity_Gap_Project\real\Tomato_Late_blight\64e98151-c3bc-417e-bd40-02aac283e3c0___RS_Late.B 6678.JPG,Tomato_Late_blight,127.11064147949219,54.05711378326884,4998.006809561513,0.1302642822265625,0.297760009765625,69.05274963378906,no_visible_trait
D:\Authenticity_Gap_Project\real\Tomato_Early_blight\6873f362-d13b-41f7-a44d-da51875e46f1___RS_Erly.B 9436.JPG,Tomato_Early_blight,77.76585388183594,49.8205538495275,3171.894472107291,0.1185150146484375,0.064483642578125,58.495513916015625,"dark, partial_or_small_leaf"
D:\Authenticity_Gap_Project\real\Tomato_Late_blight\a6b94272-9bb5-495e-bce4-2622d2ea34f5___GHLB Leaf 25.2 Day 12.JPG,Tomato_Late_blight,116.43678283691406,42.281800005966964,75.82699531316757,0.0191497802734375,0.5316314697265625,59.94073486328125,blurry
D:\Authenticity_Gap_Project\real\Potato___Late_blight\8b0ef54c-6d28-47bb-a657-287afbb8a620___RS_LB 3298.JPG,Potato___Late_blight,112.86441040039062,56.5674615225658,6318.42227564659,0.19036865234375,0.029388427734375,72.35272216796875,partial_or_small_leaf
D:\Authenticity_Gap_Project\real\Tomato_Late_blight\cfa1ba1d-b853-441d-99b4-0d9d413c8eb0___RS_Late.B 5288.JPG,Tomato_Late_blight,100.50517272949219,57.717458861867655,2556.7215259333607,0.1270751953125,0.183746337890625,76.87104797363281,partial_or_small_leaf
D:\Authenticity_Gap_Project\real\Tomato_Late_blight\c91400cf-83f0-4472-9504-3234ccecf65c___RS_Late.B 5218.JPG,Tomato_Late_blight,99.52902221679688,43.01092724014021,2374.4086608551443,0.127349853515625,0.1430511474609375,60.02650451660156,partial_or_small_leaf
D:\Authenticity_Gap_Project\real\Tomato_Late_blight\40076fd7-8c21-41a4-9bc9-3c1c53e1a865___RS_Late.B 5594.JPG,Tomato_Late_blight,128.4533233642578,39.35979198807344,2452.84446253418,0.0831298828125,0.0695648193359375,42.87913513183594,partial_or_small_leaf
D:\Authenticity_Gap_Project\real\Tomato_Late_blight\7fa16659-42cf-4bac-b0fc-41162212f6a9___GHLB2 Leaf 8620.JPG,Tomato_Late_blight,112.34938049316406,20.539156565838713,438.05874109920114,0.026763916015625,0.1880950927734375,37.216400146484375,"low_contrast, blurry, partial_or_small_leaf, washed_out_colour"
D:\Authenticity_Gap_Project\real\Tomato_Late_blight\9a4627a2-053d-443b-9135-7c1a913b63c4___GHLB Leaf 25.1 Day 12.JPG,Tomato_Late_blight,101.44171142578125,34.52115266540741,54.96889264672063,0.011566162109375,0.5548248291015625,60.81391906738281,blurry
D:\Authenticity_Gap_Project\real\Tomato_Late_blight\93c6117b-d192-4934-be00-8a6870704c78___RS_Late.B 6774.JPG,Tomato_Late_blight,151.01202392578125,63.9287409476044,3852.0462033115327,0.15350341796875,0.120880126953125,74.07797241210938,"overexposed, partial_or_small_leaf"
D:\Authenticity_Gap_Project\real\Tomato_Late_blight\fd99b211-340e-4ac0-9c33-b59e9c594ba2___GHLB2 Leaf 93.JPG,Tomato_Late_blight,135.55853271484375,30.727008807548835,3197.229270365089,0.1070404052734375,0.3314361572265625,43.14189147949219,overexposed
D:\Authenticity_Gap_Project\real\Tomato_Late_blight\9c02c389-6bdc-45d6-96ca-bce46283d2ab___GHLB2 Leaf 8660.JPG,Tomato_Late_blight,120.57283020019531,23.435255876109746,705.6421673127916,0.02484130859375,0.112274169921875,26.312057495117188,"partial_or_small_leaf, washed_out_colour"
D:\Authenticity_Gap_Project\real\Tomato_Early_blight\24455ffa-8700-475c-8b4e-a7775f40ad3f___RS_Erly.B 8365.JPG,Tomato_Early_blight,115.10580444335938,61.252555993382835,6510.826784870587,0.201202392578125,0.3136138916015625,80.99290466308594,no_visible_trait
D:\Authenticity_Gap_Project\real\Tomato_Late_blight\1510bf70-ab9e-43df-b5d9-9b5e4352e66b___GHLB2 Leaf 118.JPG,Tomato_Late_blight,154.13009643554688,31.11610838286209,1666.829450670397,0.0923614501953125,0.09027099609375,30.986358642578125,"overexposed, partial_or_small_leaf, washed_out_colour"
D:\Authenticity_Gap_Project\real\Potato___Late_blight\aa58c1c8-82a1-4e68-9ecb-3cd47341d09b___RS_LB 4331.JPG,Potato___Late_blight,108.05439758300781,33.204383035132324,888.3125074615236,0.0561676025390625,0.2073974609375,68.20082092285156,no_visible_trait
D:\Authenticity_Gap_Project\real\Tomato_Late_blight\1bfebfc9-3eda-4889-bdb1-75a8929a1b4f___GHLB_PS Leaf 48 Day 18.jpg,Tomato_Late_blight,31.086074829101562,56.10956338458495,253.36538696289062,0.0190277099609375,0.2862091064453125,62.10914611816406,"dark, blurry"
D:\Authenticity_Gap_Project\real\Tomato_Late_blight\dd84ae03-7d7d-4e12-8f9f-f684abdcb320___RS_Late.B 5637.JPG,Tomato_Late_blight,154.05206298828125,50.26010658181271,3847.483520148089,0.1128997802734375,0.1298828125,34.099700927734375,"overexposed, partial_or_small_leaf, washed_out_colour"
D:\Authenticity_Gap_Project\real\Tomato_Late_blight\121097dd-b0cb-436b-9b2f-7dab30c86872___GHLB_PS Leaf 37.1 Day 13.jpg,Tomato_Late_blight,14.292572021484375,33.106333696310486,196.38052368164062,0.0152130126953125,0.1570587158203125,42.818695068359375,"dark, blurry, partial_or_small_leaf"
D:\Authenticity_Gap_Project\real\Tomato_Late_blight\24c41335-1ad7-4b68-9756-577ed8cf3525___GHLB2 Leaf 144.1.JPG,Tomato_Late_blight,151.2376251220703,40.67558345439033,469.73415599763393,0.037078857421875,0.299102783203125,36.51066589355469,"overexposed, blurry, washed_out_colour"
D:\Authenticity_Gap_Project\real\Tomato_Late_blight\dbedc9c1-d7f8-4eef-b4bf-d36689c57c60___GHLB Leaf 27 Day 12.JPG,Tomato_Late_blight,126.40692138671875,54.741573743746734,299.01893251924776,0.0379486083984375,0.627166748046875,71.53529357910156,blurry
D:\Authenticity_Gap_Project\real\Tomato_Late_blight\5670dbc5-e0bf-4f73-b8a0-b1f703030195___RS_Late.B 5094.JPG,Tomato_Late_blight,120.6175537109375,54.410479507592456,4269.085818992695,0.1260833740234375,0.089630126953125,54.21826171875,partial_or_small_leaf
D:\Authenticity_Gap_Project\real\Tomato_Late_blight\3c2f237b-3e91-455f-8064-428b308bc575___RS_Late.B 5291.JPG,Tomato_Late_blight,86.23982238769531,43.825891854791365,2696.6882247549947,0.1500091552734375,0.0649871826171875,99.61116027832031,"dark, partial_or_small_leaf"
D:\Authenticity_Gap_Project\real\Tomato_Early_blight\f525cb66-09b6-4f96-93dd-d6bc936f5645___RS_Erly.B 7700.JPG,Tomato_Early_blight,124.41731262207031,68.82178735155296,4757.703415623866,0.12939453125,0.233245849609375,55.657257080078125,no_visible_trait
D:\Authenticity_Gap_Project\real\Potato___Late_blight\2565077d-44d3-4213-82c2-bf5ae9a64368___RS_LB 3295.JPG,Potato___Late_blight,111.35414123535156,57.04066137779336,5239.600884254789,0.1722564697265625,0.0348968505859375,75.79563903808594,partial_or_small_leaf
D:\Authenticity_Gap_Project\real\Tomato_Early_blight\a3af61fe-3cde-4083-963f-909bfced23db___RS_Erly.B 7590.JPG,Tomato_Early_blight,102.70602416992188,46.56994819401629,824.4792860259768,0.0477447509765625,0.2469482421875,54.44181823730469,no_visible_trait
D:\Authenticity_Gap_Project\real\Tomato_Bacterial_spot\962399bf-bc19-48a8-99b1-92b2963c2dcd___UF.GRC_BS_Lab Leaf 1074.JPG,Tomato_Bacterial_spot,97.85169982910156,38.60227315873025,318.0930284820497,0.0541229248046875,0.43572998046875,66.45881652832031,blurry
D:\Authenticity_Gap_Project\real\Tomato_Early_blight\af454559-8f93-4b2d-b961-80bafe6bf43b___RS_Erly.B 8367.JPG,Tomato_Early_blight,119.966552734375,58.73700543567023,8107.4635691046715,0.2266082763671875,0.3389434814453125,94.41122436523438,no_visible_trait
D:\Authenticity_Gap_Project\real\Tomato_Late_blight\ac89de10-2de8-40a4-8f6e-f0a37e97cd57___RS_Late.B 5126.JPG,Tomato_Late_blight,99.77011108398438,53.64147816884829,4348.7121234626975,0.1455841064453125,0.3133392333984375,64.3319091796875,no_visible_trait
D:\Authenticity_Gap_Project\real\Tomato_Early_blight\4fd3f0e7-cdd9-4151-8734-5f0ad1f52614___RS_Erly.B 9564.JPG,Tomato_Early_blight,110.30563354492188,49.22383160772822,1556.3050985187292,0.0807952880859375,0.0536041259765625,40.804229736328125,partial_or_small_leaf
D:\Authenticity_Gap_Project\real\Tomato_Late_blight\f8e2f06c-ffc4-426b-a7ad-300f6472fdcc___RS_Late.B 5238.JPG,Tomato_Late_blight,96.88233947753906,39.035865474337264,2424.8818385561462,0.1312103271484375,0.2509765625,63.214080810546875,dark
D:\Authenticity_Gap_Project\real\Tomato_Late_blight\747a2385-2777-445a-b215-7a14a5c0135c___RS_Late.B 7111.JPG,Tomato_Late_blight,158.7881317138672,51.50450176953053,5299.63550854451,0.1526031494140625,0.15478515625,29.46099853515625,"overexposed, partial_or_small_leaf, washed_out_colour"
D:\Authenticity_Gap_Project\real\Tomato_Early_blight\f33995ae-6456-476c-b832-4ff4cbaf49f7___RS_Erly.B 7525.JPG,Tomato_Early_blight,109.18527221679688,24.643272297285993,1082.7146890163422,0.0550994873046875,0.3523712158203125,38.638336181640625,washed_out_colour
D:\Authenticity_Gap_Project\real\Tomato_Late_blight\bbe6db0b-868d-4ca4-b8c7-f274b89dd9c8___GHLB2 Leaf 68.1.JPG,Tomato_Late_blight,102.24220275878906,27.360494458936632,306.0398483125027,0.03826904296875,0.4251556396484375,53.961273193359375,blurry
D:\Authenticity_Gap_Project\real\Tomato_Late_blight\36193f11-7789-416d-b0dd-0cae49f74836___GHLB Leaf 23.2 Day 18.JPG,Tomato_Late_blight,126.82174682617188,37.67190328150334,99.30950259207748,0.0255126953125,0.5872039794921875,81.57656860351562,blurry
D:\Authenticity_Gap_Project\real\Tomato_Early_blight\8f9b3d86-42dd-4932-b638-8376529afcaa___RS_Erly.B 9575.JPG,Tomato_Early_blight,105.88081359863281,45.165984507593826,1828.5619159927592,0.10760498046875,0.338165283203125,73.63426208496094,no_visible_trait
D:\Authenticity_Gap_Project\real\Tomato_Early_blight\f51330a5-e187-434f-add0-bd89f488eeee___RS_Erly.B 7699.JPG,Tomato_Early_blight,136.51568603515625,70.8142145526452,710.3225279664621,0.0778045654296875,0.23577880859375,45.79542541503906,overexposed
D:\Authenticity_Gap_Project\real\Tomato_Late_blight\07eb29e8-112d-4bcb-8b65-aba4b4307f2a___RS_Late.B 6907.JPG,Tomato_Late_blight,132.2775115966797,59.01464608901718,4985.1644393408205,0.178131103515625,0.095703125,55.39225769042969,partial_or_small_leaf
D:\Authenticity_Gap_Project\real\Tomato_Late_blight\435f78a8-70a8-4df9-b227-c6230301a17e___RS_Late.B 6672.JPG,Tomato_Late_blight,106.78193664550781,57.83748043716736,6715.18635731563,0.1849365234375,0.3050994873046875,78.4580078125,no_visible_trait
D:\Authenticity_Gap_Project\real\Tomato_Late_blight\376c3deb-3feb-425b-a6dd-ce0f95b7c763___RS_Late.B 5413.JPG,Tomato_Late_blight,89.47633361816406,54.3315282984578,3041.566538469633,0.1300048828125,0.17193603515625,86.89752197265625,"dark, partial_or_small_leaf"
D:\Authenticity_Gap_Project\real\Tomato_Late_blight\1b36d656-ee17-43a1-8f47-0d163c69f754___RS_Late.B 5605.JPG,Tomato_Late_blight,110.26519775390625,40.43302425523919,1259.3189984036144,0.0512847900390625,0.1786956787109375,38.33392333984375,"partial_or_small_leaf, washed_out_colour"
D:\Authenticity_Gap_Project\real\Tomato_Early_blight\0bd357fe-1e54-4c65-979c-e894e0b8a3aa___RS_Erly.B 8328.JPG,Tomato_Early_blight,126.30860900878906,55.241435272828994,5108.066451830557,0.1636199951171875,0.1001129150390625,58.009124755859375,partial_or_small_leaf
D:\Authenticity_Gap_Project\real\Tomato_Late_blight\aa1945c1-9d44-4e84-a18c-e5d78e3f4c37___RS_Late.B 5601.JPG,Tomato_Late_blight,130.57186889648438,35.10128374441951,1821.8943126639351,0.073699951171875,0.057525634765625,38.79283142089844,"partial_or_small_leaf, washed_out_colour"
D:\Authenticity_Gap_Project\real\Tomato_Early_blight\89e7a492-7347-4659-ac0b-2df664ed4c80___RS_Erly.B 8438.JPG,Tomato_Early_blight,122.11854553222656,54.652846445259314,6419.650478120893,0.179840087890625,0.1602020263671875,62.651458740234375,partial_or_small_leaf
D:\Authenticity_Gap_Project\real\Tomato_Early_blight\f91230c1-b28c-46fe-ab7a-329fdb689a02___RS_Erly.B 9439.JPG,Tomato_Early_blight,97.64491271972656,50.377598207760634,1427.807268526405,0.0833740234375,0.0915985107421875,48.573577880859375,partial_or_small_leaf
D:\Authenticity_Gap_Project\real\Potato___Late_blight\4664efe7-50ae-4a32-b818-2ec7f3881471___RS_LB 4478.JPG,Potato___Late_blight,112.45805358886719,51.19750263103507,3178.571669721743,0.0922698974609375,0.15887451171875,80.36329650878906,partial_or_small_leaf
D:\Authenticity_Gap_Project\real\Tomato_Early_blight\c73fd35a-bc55-46c3-baf3-a943a6e396c5___RS_Erly.B 9563.JPG,Tomato_Early_blight,101.26551818847656,57.09658029313743,1282.338917559944,0.077911376953125,0.06231689453125,48.60694885253906,partial_or_small_leaf
D:\Authenticity_Gap_Project\real\Tomato_Early_blight\0fc8cb27-a10f-4587-a91d-4dbec9f839c7___RS_Erly.B 7715.JPG,Tomato_Early_blight,122.91404724121094,61.169277366934644,8808.101484825602,0.195220947265625,0.33673095703125,68.84046936035156,no_visible_trait
D:\Authenticity_Gap_Project\real\Tomato_Early_blight\68d40fcc-8554-4973-9abc-27fc1928cc9c___RS_Erly.B 7595.JPG,Tomato_Early_blight,93.31170654296875,43.948763138612705,365.82332891225815,0.0270233154296875,0.3361968994140625,62.2412109375,"dark, blurry"
D:\Authenticity_Gap_Project\real\Tomato_Early_blight\9d16bfcd-955e-4a5c-90ea-c7cce8dd9135___RS_Erly.B 7811.JPG,Tomato_Early_blight,114.39181518554688,50.76308644055938,4801.656550420215,0.1391448974609375,0.3300018310546875,62.20320129394531,no_visible_trait
D:\Authenticity_Gap_Project\real\Tomato_Early_blight\859a134c-51f7-4294-bd1a-78140d775bca___RS_Erly.B 8327.JPG,Tomato_Early_blight,131.00387573242188,59.881202712936876,4434.092046748614,0.1610565185546875,0.1263885498046875,58.26495361328125,partial_or_small_leaf
D:\Authenticity_Gap_Project\real\Tomato_Early_blight\29645def-a571-4442-8f95-d7ebf71befde___RS_Erly.B 7751.JPG,Tomato_Early_blight,102.45831298828125,60.91086809258807,8711.365354651352,0.2127532958984375,0.281646728515625,60.30607604980469,no_visible_trait
D:\Authenticity_Gap_Project\real\Potato___Late_blight\8acd2e1a-f965-4abb-bd16-8c0a4e918d2c___RS_LB 4644.JPG,Potato___Late_blight,110.70765686035156,46.659124327647646,4363.210292574018,0.154632568359375,0.142913818359375,98.68849182128906,partial_or_small_leaf
D:\Authenticity_Gap_Project\real\Potato___Late_blight\cba4be0b-2554-4a9e-8dd0-94cbb2467388___RS_LB 3335.JPG,Potato___Late_blight,130.35885620117188,53.70186065630815,5121.116145490669,0.164764404296875,0.2128448486328125,67.68684387207031,no_visible_trait
D:\Authenticity_Gap_Project\real\Tomato_Early_blight\3d9a4538-4797-45fe-8cff-104237e19368___RS_Erly.B 7729.JPG,Tomato_Early_blight,119.87344360351562,47.15710591484241,7185.481305792695,0.2119598388671875,0.229522705078125,61.15599060058594,no_visible_trait
D:\Authenticity_Gap_Project\real\Tomato_Early_blight\7bab9b53-f608-4f3f-8325-d730d846b3d9___RS_Erly.B 7695.JPG,Tomato_Early_blight,135.11289978027344,51.517734126637734,2992.593536264263,0.1409454345703125,0.19775390625,43.45466613769531,partial_or_small_leaf
D:\Authenticity_Gap_Project\real\Tomato_Early_blight\db4241a0-d3ee-44c8-aebb-ba1783e47609___RS_Erly.B 7547.JPG,Tomato_Early_blight,108.59757995605469,37.11171044792905,552.5196074210107,0.0567169189453125,0.2691802978515625,56.761322021484375,no_visible_trait
D:\Authenticity_Gap_Project\real\Tomato_Bacterial_spot\30479f05-421c-4598-8e91-4e2c6722c450___UF.GRC_BS_Lab Leaf 0538.JPG,Tomato_Bacterial_spot,110.32130432128906,25.77489069737895,874.8222951889038,0.0870819091796875,0.1529693603515625,61.0718994140625,partial_or_small_leaf
D:\Authenticity_Gap_Project\real\Tomato_Early_blight\51708fa7-4619-4957-bfc6-8e422ee23a99___RS_Erly.B 7630.JPG,Tomato_Early_blight,106.02548217773438,45.37732422728073,429.649229116505,0.0496368408203125,0.292449951171875,53.62388610839844,blurry
D:\Authenticity_Gap_Project\real\Potato___Late_blight\97babc05-67f1-49d4-9821-6fb8294da5e8___RS_LB 4541.JPG,Potato___Late_blight,115.58497619628906,41.54956014197234,2380.7167698291596,0.0969696044921875,0.197540283203125,77.34629821777344,partial_or_small_leaf
D:\Authenticity_Gap_Project\real\Tomato_Early_blight\f035e3c9-069a-4392-9f0c-80262511f616___RS_Erly.B 9373.JPG,Tomato_Early_blight,129.00045776367188,70.87261538912713,5002.825567928841,0.1524200439453125,0.2066650390625,61.12831115722656,no_visible_trait
D:\Authenticity_Gap_Project\real\Tomato_Early_blight\9b16a9a4-c99b-4027-a301-4a8969761746___RS_Erly.B 7428.JPG,Tomato_Early_blight,105.00173950195312,36.56883371157623,1989.862622746965,0.104278564453125,0.2594451904296875,58.722015380859375,no_visible_trait
D:\Authenticity_Gap_Project\real\Tomato_Bacterial_spot\55339b80-574d-4379-bc85-35558fcc0bea___UF.GRC_BS_Lab Leaf 0554.JPG,Tomato_Bacterial_spot,118.79594421386719,28.70415368462889,1213.6039231137838,0.0843963623046875,0.114959716796875,48.86015319824219,partial_or_small_leaf
D:\Authenticity_Gap_Project\real\Tomato_Bacterial_spot\df2c5959-402f-488c-8e9f-93d3a0cee4dd___UF.GRC_BS_Lab Leaf 1168.JPG,Tomato_Bacterial_spot,123.39173889160156,21.79099659176,514.647933720611,0.0447998046875,0.4190521240234375,62.556182861328125,low_contrast
D:\Authenticity_Gap_Project\real\Potato___Late_blight\146c4ea6-cf74-4607-9b8e-19c69c85ec86___RS_LB 4641.JPG,Potato___Late_blight,114.88809204101562,45.7279051522867,4815.746419726871,0.1787872314453125,0.259033203125,60.68341064453125,no_visible_trait
D:\Authenticity_Gap_Project\real\Tomato_Early_blight\bb12ec71-c438-43f5-a077-e5924af2409e___RS_Erly.B 8402.JPG,Tomato_Early_blight,114.02088928222656,58.09816647951502,3365.7700387155637,0.17376708984375,0.387054443359375,105.67657470703125,no_visible_trait
D:\Authenticity_Gap_Project\real\Tomato_Early_blight\99baac4a-7079-4c68-b2bf-c9cf123ddffc___RS_Erly.B 7619.JPG,Tomato_Early_blight,103.18852233886719,45.03478334481762,269.63773534982465,0.02569580078125,0.197113037109375,35.74461364746094,"blurry, partial_or_small_leaf, washed_out_colour"
D:\Authenticity_Gap_Project\real\Tomato_healthy\414359b9-153b-4985-bfe0-eaf22f7ff6ab___RS_HL 0062.JPG,Tomato_healthy,120.29347229003906,51.684296351710394,15641.17470908165,0.2769317626953125,0.297454833984375,52.084014892578125,no_visible_trait
D:\Authenticity_Gap_Project\real\Tomato_Early_blight\9d2bc87f-f309-41a4-a533-569456706e2b___RS_Erly.B 6367.JPG,Tomato_Early_blight,97.52293395996094,37.3380845945756,1178.9662045603618,0.0716400146484375,0.4761810302734375,70.65809631347656,no_visible_trait
D:\Authenticity_Gap_Project\real\Tomato_Bacterial_spot\9826cf0e-f124-4262-a994-b43027c2484a___GCREC_Bact.Sp 5781.JPG,Tomato_Bacterial_spot,100.0914306640625,35.17248196186185,834.0390912161674,0.0327606201171875,0.4443359375,58.9124755859375,no_visible_trait
D:\Authenticity_Gap_Project\real\Potato___healthy\f0fdde26-78b4-46f0-9eb8-7c2a743d34aa___RS_HL 4165.JPG,Potato___healthy,123.48255920410156,32.30345940861367,3574.704639380565,0.1221771240234375,0.45849609375,75.89546203613281,no_visible_trait
D:\Authenticity_Gap_Project\real\Tomato_Early_blight\e9adf635-754d-4bc3-af3d-4b3e1bd81812___RS_Erly.B 9438.JPG,Tomato_Early_blight,105.01739501953125,46.468612770384276,1437.2441768066492,0.078460693359375,0.092681884765625,36.903778076171875,"partial_or_small_leaf, washed_out_colour"
D:\Authenticity_Gap_Project\real\Tomato_Bacterial_spot\631fcec5-39db-474a-a929-097718ad2162___GCREC_Bact.Sp 3327.JPG,Tomato_Bacterial_spot,115.94619750976562,25.53065840557432,1564.1721477359533,0.08270263671875,0.2778167724609375,60.16386413574219,no_visible_trait
D:\Authenticity_Gap_Project\real\Tomato_Early_blight\b2b63d7c-d8f7-44ff-b53e-6214ddbed5d9___RS_Erly.B 9509.JPG,Tomato_Early_blight,168.3725128173828,48.40544252369513,4168.114776251605,0.14300537109375,0.2449798583984375,48.50274658203125,overexposed
D:\Authenticity_Gap_Project\real\Tomato_Early_blight\4e3f49fc-2ff8-4d00-979d-3c15f4d90db8___RS_Erly.B 7708.JPG,Tomato_Early_blight,120.48934936523438,68.77203399639623,718.5507646815386,0.068023681640625,0.138458251953125,48.76165771484375,partial_or_small_leaf
D:\Authenticity_Gap_Project\real\Tomato_Bacterial_spot\f67df1b4-1b28-48c4-96cb-1c31d3ce7e66___UF.GRC_BS_Lab Leaf 0368.JPG,Tomato_Bacterial_spot,140.18568420410156,52.66885707308576,348.1581084690988,0.0408172607421875,0.1696014404296875,34.650543212890625,"overexposed, blurry, partial_or_small_leaf, washed_out_colour"
D:\Authenticity_Gap_Project\real\Tomato_Bacterial_spot\33e336e9-fcd0-4e9c-a0c1-8a313c3ef1f3___UF.GRC_BS_Lab Leaf 0367.JPG,Tomato_Bacterial_spot,120.98078918457031,37.96281195802018,212.19426962337457,0.04730224609375,0.2600860595703125,41.24896240234375,blurry
D:\Authenticity_Gap_Project\real\Tomato_Bacterial_spot\88a4e8ec-ef71-4847-b778-90eae647f331___UF.GRC_BS_Lab Leaf 0640.JPG,Tomato_Bacterial_spot,111.67973327636719,28.396781707267916,176.5662841461599,0.0084381103515625,0.258880615234375,43.03379821777344,blurry
D:\Authenticity_Gap_Project\real\Tomato_Early_blight\5d0f4647-6f88-4c84-bacf-d6bc4d469c4d___RS_Erly.B 8411.JPG,Tomato_Early_blight,101.87443542480469,66.3723755202018,4890.91862440086,0.1534423828125,0.34039306640625,91.46919250488281,no_visible_trait
D:\Authenticity_Gap_Project\real\Tomato_Bacterial_spot\c23fe2f1-4b93-4e4e-b55e-215b4a922e5d___GCREC_Bact.Sp 5779.JPG,Tomato_Bacterial_spot,92.26446533203125,37.79814428524853,760.3709564206656,0.0290985107421875,0.496551513671875,65.46896362304688,dark
D:\Authenticity_Gap_Project\real\Potato___healthy\14484ea5-9c34-427c-abe4-2743265aced0___RS_HL 4204.JPG,Potato___healthy,116.92829895019531,34.064347820428566,3297.6485545688774,0.1014862060546875,0.3258056640625,65.97908020019531,no_visible_trait
D:\Authenticity_Gap_Project\real\Tomato_Bacterial_spot\b7db70a8-ca63-409e-9e60-47dce0ac5164___UF.GRC_BS_Lab Leaf 0646.JPG,Tomato_Bacterial_spot,111.17410278320312,33.9561294904017,343.73976604430936,0.0243377685546875,0.2834320068359375,48.71272277832031,blurry
D:\Authenticity_Gap_Project\real\Tomato_Early_blight\d44e75f7-59ac-4296-ac62-893125ddf04e___RS_Erly.B 7856.JPG,Tomato_Early_blight,121.65266418457031,50.41510951225909,6487.56665013521,0.1815185546875,0.21185302734375,65.83151245117188,no_visible_trait
D:\Authenticity_Gap_Project\real\Tomato_Bacterial_spot\5512c9ea-9177-4860-8035-c4f8b2025693___GCREC_Bact.Sp 5651.JPG,Tomato_Bacterial_spot,111.55914306640625,29.088097965659518,999.4291433459148,0.0703277587890625,0.2674102783203125,70.70210266113281,no_visible_trait
D:\Authenticity_Gap_Project\real\Tomato_Bacterial_spot\1e982ff7-1d2f-43e9-9c10-8735b84de1aa___GCREC_Bact.Sp 3329.JPG,Tomato_Bacterial_spot,106.01564025878906,24.692513017266812,1792.83829700551,0.081695556640625,0.27264404296875,64.01608276367188,no_visible_trait
D:\Authenticity_Gap_Project\real\Tomato_Bacterial_spot\357e7fb6-0d3f-44f5-9f13-ae84759da804___UF.GRC_BS_Lab Leaf 0525.JPG,Tomato_Bacterial_spot,111.56427001953125,37.30201628498299,1173.4007862769067,0.1103515625,0.349395751953125,55.08772277832031,no_visible_trait
D:\Authenticity_Gap_Project\real\Tomato_Early_blight\b6611980-ad87-4121-a6d0-b648b946b432___RS_Erly.B 8426.JPG,Tomato_Early_blight,97.82656860351562,54.97231008775871,4995.369085966609,0.1524200439453125,0.1938629150390625,65.904052734375,partial_or_small_leaf
D:\Authenticity_Gap_Project\real\Tomato_Early_blight\45d27217-fbb3-4b74-93e7-d84f70b784f8___RS_Erly.B 7713.JPG,Tomato_Early_blight,117.02587890625,67.93280457885002,2512.1659990565386,0.115234375,0.37860107421875,70.68832397460938,no_visible_trait
D:\Authenticity_Gap_Project\real\Tomato_Early_blight\e626a672-48b8-490d-8314-a70ff37153f4___RS_Erly.B 7467.JPG,Tomato_Early_blight,101.66769409179688,45.58453213911455,1211.1806590519845,0.06256103515625,0.1663665771484375,57.64634704589844,partial_or_small_leaf
D:\Authenticity_Gap_Project\real\Tomato_Early_blight\6fbefe16-4635-4a03-b245-65594ded39cf___RS_Erly.B 7654.JPG,Tomato_Early_blight,102.84776306152344,51.795587060378146,892.7958461975213,0.10595703125,0.26214599609375,64.86308288574219,no_visible_trait
D:\Authenticity_Gap_Project\real\Tomato_Early_blight\16ce3799-ff03-4724-8c99-48a4243a6ff9___RS_Erly.B 9565.JPG,Tomato_Early_blight,100.45407104492188,57.11425302913457,1945.7349986433983,0.0996246337890625,0.1139373779296875,45.87834167480469,partial_or_small_leaf
D:\Authenticity_Gap_Project\real\Tomato_Early_blight\0621aab4-b9fd-4012-b0a6-ba72e63cd87d___RS_Erly.B 8220.JPG,Tomato_Early_blight,119.12986755371094,66.10398253215064,5222.255801532185,0.163177490234375,0.099365234375,73.8868408203125,partial_or_small_leaf
D:\Authenticity_Gap_Project\real\Potato___Late_blight\72b12e17-d76f-4254-a4af-3ed3c3859500___RS_LB 3334.JPG,Potato___Late_blight,108.44319152832031,54.394161172167344,7035.385084753623,0.1985321044921875,0.1563262939453125,73.25076293945312,partial_or_small_leaf
D:\Authenticity_Gap_Project\real\Tomato_Early_blight\15fb19ad-8a5a-4e1b-8ed2-c8d48b006b1d___RS_Erly.B 7674.JPG,Tomato_Early_blight,108.43934631347656,46.63279497808599,58.726126848720014,0.0224761962890625,0.348114013671875,68.49375915527344,blurry
D:\Authenticity_Gap_Project\real\Tomato_Early_blight\552787d3-3937-4ee5-9824-6b78e90e5cbb___RS_Erly.B 7510.JPG,Tomato_Early_blight,94.85649108886719,44.05284678214758,346.9637289342936,0.0592193603515625,0.436065673828125,64.04429626464844,"dark, blurry"
D:\Authenticity_Gap_Project\real\Tomato_Early_blight\de96e7a2-6de3-4699-9680-9eb4d4e215c8___RS_Erly.B 9445.JPG,Tomato_Early_blight,114.18479919433594,46.74061806882762,603.1102135097608,0.04400634765625,0.2669219970703125,42.883636474609375,no_visible_trait
D:\Authenticity_Gap_Project\real\Potato___Late_blight\94c50d24-cfd7-486c-a4ac-a10f552d0f8b___RS_LB 4329.JPG,Potato___Late_blight,117.20513916015625,38.679152982511155,4021.5885905267205,0.1338043212890625,0.2407684326171875,84.78132629394531,no_visible_trait
D:\Authenticity_Gap_Project\real\Tomato_Early_blight\e81dfd96-227c-41a7-8cf8-dbc14f2e4b33___RS_Erly.B 7407.JPG,Tomato_Early_blight,90.19784545898438,48.493818496481296,1171.533989473246,0.04608154296875,0.4937591552734375,74.358154296875,dark
D:\Authenticity_Gap_Project\real\Tomato_Early_blight\b24f8f98-4bfe-4605-85f5-738fc09e58fe___RS_Erly.B 6406.JPG,Tomato_Early_blight,107.94876098632812,28.724913674006107,2697.691833436489,0.0998382568359375,0.219024658203125,44.299102783203125,no_visible_trait
D:\Authenticity_Gap_Project\real\Tomato_Early_blight\26e2e7aa-800c-421b-92e8-3e20c5f5757e___RS_Erly.B 7656.JPG,Tomato_Early_blight,105.94540405273438,59.405359047725504,1126.2951387427747,0.0915374755859375,0.2285919189453125,74.85343933105469,no_visible_trait
D:\Authenticity_Gap_Project\real\Tomato_Early_blight\8ac21e2c-f953-4e96-8d43-e82dae24017e___RS_Erly.B 7459.JPG,Tomato_Early_blight,85.18455505371094,32.27589614217989,2351.2249340822455,0.109405517578125,0.353302001953125,62.33503723144531,dark
D:\Authenticity_Gap_Project\real\Tomato_Early_blight\fcf97241-bd84-4829-b326-72590a3f4f59___RS_Erly.B 7555.JPG,Tomato_Early_blight,103.57919311523438,42.871620865874625,926.1466378753539,0.073577880859375,0.38885498046875,58.24072265625,no_visible_trait
D:\Authenticity_Gap_Project\real\Potato___Late_blight\cf979c44-abfa-4ed3-865e-ee0c204ba9f0___RS_LB 4662.JPG,Potato___Late_blight,107.21609497070312,42.49064401538935,5088.86135629355,0.1759490966796875,0.1880645751953125,102.96635437011719,partial_or_small_leaf
D:\Authenticity_Gap_Project\real\Tomato_Early_blight\73f4d791-745e-49b8-82d8-e29b24ddd0e5___RS_Erly.B 7593.JPG,Tomato_Early_blight,111.3619384765625,24.741920098454855,367.4896977429744,0.0382843017578125,0.4068756103515625,44.12376403808594,blurry
D:\Authenticity_Gap_Project\real\Potato___Late_blight\b4e52186-de58-4c06-bbd2-2fb3dbeda13e___RS_LB 2655.JPG,Potato___Late_blight,119.65733337402344,49.243062840451316,5008.562377657741,0.21636962890625,0.4998626708984375,74.44406127929688,no_visible_trait
D:\Authenticity_Gap_Project\real\Tomato_Bacterial_spot\b788b9e7-1567-47d1-9e34-1c653a8d03a1___UF.GRC_BS_Lab Leaf 0861.JPG,Tomato_Bacterial_spot,117.04103088378906,24.75074926238766,768.0138069221284,0.0987548828125,0.470550537109375,57.824005126953125,no_visible_trait
D:\Authenticity_Gap_Project\real\Tomato_Bacterial_spot\1afcd540-c746-4c02-8611-686ec35caaf5___GCREC_Bact.Sp 5654.JPG,Tomato_Bacterial_spot,109.07859802246094,31.581627611633454,1304.5481433272362,0.0783843994140625,0.27032470703125,74.44514465332031,no_visible_trait
D:\Authenticity_Gap_Project\real\Tomato_Bacterial_spot\c9f48a07-6bc4-4a62-a817-3b99a64160cc___UF.GRC_BS_Lab Leaf 1208.JPG,Tomato_Bacterial_spot,129.1334991455078,31.380069889254802,467.45414733863436,0.046966552734375,0.3570709228515625,46.26072692871094,blurry
D:\Authenticity_Gap_Project\real\Tomato_Bacterial_spot\a9b47216-7d6d-46f6-b029-7aacd6f26113___UF.GRC_BS_Lab Leaf 0862.JPG,Tomato_Bacterial_spot,112.4290771484375,33.826906722114366,920.0746579577681,0.102386474609375,0.4285888671875,51.92591857910156,no_visible_trait
D:\Authenticity_Gap_Project\real\Potato___Late_blight\85d29f87-cb27-4ffa-9ad8-9c47f9a53b33___RS_LB 4437.JPG,Potato___Late_blight,111.69010925292969,35.23986008892749,2957.799073410919,0.1018524169921875,0.211029052734375,61.5372314453125,no_visible_trait
D:\Authenticity_Gap_Project\real\Tomato_healthy\e0987875-8fe2-49ee-8f01-e29281c3d790___RS_HL 0239.JPG,Tomato_healthy,122.59878540039062,44.71223543447795,15258.690438024467,0.320098876953125,0.2631378173828125,41.72834777832031,cluttered_background
D:\Authenticity_Gap_Project\real\Potato___Late_blight\f528b00d-99a6-41db-8d96-9eed58b519c1___RS_LB 4544.JPG,Potato___Late_blight,114.2469482421875,53.45878701983507,1573.9826388226356,0.081451416015625,0.1933441162109375,77.12661743164062,partial_or_small_leaf
D:\Authenticity_Gap_Project\real\Tomato_Bacterial_spot\2642e2b0-d2d8-49ea-b9c3-44133f863169___GCREC_Bact.Sp 5660.JPG,Tomato_Bacterial_spot,105.00723266601562,31.354703640192863,1000.6222273965832,0.063385009765625,0.34808349609375,75.99668884277344,no_visible_trait
D:\Authenticity_Gap_Project\real\Potato___Late_blight\5ad9dba9-ed81-437e-8d5d-1d6660514462___RS_LB 4439.JPG,Potato___Late_blight,112.08482360839844,40.980363091137136,1437.964884631103,0.0778656005859375,0.2587432861328125,66.52095031738281,no_visible_trait
D:\Authenticity_Gap_Project\real\Tomato_healthy\e55fc417-6c08-4150-913e-11e7c7e15eb7___RS_HL 0504.JPG,Tomato_healthy,117.51516723632812,50.295908579697475,17770.972771182423,0.3094482421875,0.267730712890625,52.515472412109375,cluttered_background
D:\Authenticity_Gap_Project\real\Potato___Late_blight\bd632f59-ff1c-452f-b504-053fa95ab000___RS_LB 4356.JPG,Potato___Late_blight,116.72463989257812,44.613672839754486,3368.195110257715,0.1423187255859375,0.2530975341796875,78.89396667480469,no_visible_trait
D:\Authenticity_Gap_Project\real\Potato___Late_blight\e9429874-1098-43af-bc38-0acc0b93f4f9___RS_LB 2682.JPG,Potato___Late_blight,127.28730773925781,43.239568659861675,5310.50233444199,0.182464599609375,0.2710113525390625,56.14886474609375,no_visible_trait
D:\Authenticity_Gap_Project\real\Tomato_Bacterial_spot\7ff1454d-b742-412f-a99c-1c2a8287decb___UF.GRC_BS_Lab Leaf 1132.JPG,Tomato_Bacterial_spot,117.66361999511719,23.08799546096198,436.2221824170556,0.0462188720703125,0.442138671875,71.12260437011719,"low_contrast, blurry"
D:\Authenticity_Gap_Project\real\Tomato_healthy\d835fbab-7301-4544-aba9-37cb5d25de9f___RS_HL 0506.JPG,Tomato_healthy,112.58503723144531,47.96337957383609,17345.57223664876,0.317352294921875,0.285064697265625,58.18235778808594,cluttered_background
D:\Authenticity_Gap_Project\real\Potato___Late_blight\27f1b297-f65a-458f-80d9-0046fa4c8c11___RS_LB 4332.JPG,Potato___Late_blight,110.44332885742188,34.318188921792384,1701.642980441451,0.09259033203125,0.2980499267578125,70.12870788574219,no_visible_trait
D:\Authenticity_Gap_Project\real\Tomato_healthy\15ba0299-5f38-47ed-ab19-fe6a72737705___RS_HL 9732.JPG,Tomato_healthy,124.40386962890625,41.027424340485396,9428.596726648277,0.2398681640625,0.3181304931640625,48.17474365234375,no_visible_trait
D:\Authenticity_Gap_Project\real\Tomato_Bacterial_spot\28d82205-33bc-4119-b028-e97858fe3bc7___UF.GRC_BS_Lab Leaf 1119.JPG,Tomato_Bacterial_spot,121.14279174804688,36.448261485314305,278.3997313827276,0.0486602783203125,0.1577301025390625,56.8291015625,"blurry, partial_or_small_leaf"
D:\Authenticity_Gap_Project\real\Potato___Late_blight\2269e6d9-bb15-49f1-8349-2f0126165960___RS_LB 3197.JPG,Potato___Late_blight,128.4907989501953,51.104654150465876,6997.3946791430935,0.20623779296875,0.331146240234375,62.702362060546875,no_visible_trait
D:\Authenticity_Gap_Project\real\Tomato_healthy\e110eaa3-3f80-477f-ad86-18b7e308b764___RS_HL 0349.JPG,Tomato_healthy,122.97120666503906,45.33036297066526,16936.414312755456,0.329254150390625,0.335723876953125,45.03936767578125,cluttered_background
D:\Authenticity_Gap_Project\real\Potato___Late_blight\fb13e4c8-17e4-48a9-899b-dfc7f302196c___RS_LB 4374.JPG,Potato___Late_blight,124.97608947753906,45.61524462477996,5350.5574277823325,0.1454315185546875,0.2384490966796875,68.00839233398438,no_visible_trait
D:\Authenticity_Gap_Project\real\Potato___Late_blight\b3e1ec14-6de4-4afc-9ceb-254469c8ce15___RS_LB 3910.JPG,Potato___Late_blight,118.04867553710938,40.22088265978659,3968.12177967187,0.1416473388671875,0.38458251953125,59.80198669433594,no_visible_trait
D:\Authenticity_Gap_Project\real\Potato___healthy\23f1ab77-d664-49c4-92eb-41eb66c6d101___RS_HL 4169.JPG,Potato___healthy,142.18115234375,38.99156789530042,5444.796069010161,0.18011474609375,0.434814453125,64.68357849121094,overexposed
D:\Authenticity_Gap_Project\real\Tomato_healthy\6657a918-63fb-49d1-a74d-8ef6bbb66231___RS_HL 9816.JPG,Tomato_healthy,122.47335815429688,42.94454102883044,15889.053358230507,0.3227081298828125,0.2397308349609375,44.600677490234375,cluttered_background
D:\Authenticity_Gap_Project\real\Tomato_Bacterial_spot\f1cc12b3-3116-4b31-81fc-6383303f84ae___UF.GRC_BS_Lab Leaf 0352.JPG,Tomato_Bacterial_spot,130.88784790039062,57.31904612017943,268.8208151978906,0.035491943359375,0.2664337158203125,51.5426025390625,blurry
D:\Authenticity_Gap_Project\real\Tomato_Bacterial_spot\ffbff5e5-6c0a-4005-9974-1cb6ac61b4c9___UF.GRC_BS_Lab Leaf 1108.JPG,Tomato_Bacterial_spot,117.74610900878906,33.61021909801735,378.491348013049,0.068450927734375,0.1607666015625,55.28947448730469,"blurry, partial_or_small_leaf"
D:\Authenticity_Gap_Project\real\Tomato_Bacterial_spot\ed618153-da70-475f-be98-cc2b9c28214b___GCREC_Bact.Sp 6211.JPG,Tomato_Bacterial_spot,108.83148193359375,33.983010678090785,922.0810321830213,0.0692291259765625,0.459564208984375,87.26217651367188,no_visible_trait
D:\Authenticity_Gap_Project\real\Tomato_Bacterial_spot\fe5de322-e644-44d7-9492-86cc6ed022b5___UF.GRC_BS_Lab Leaf 9072.JPG,Tomato_Bacterial_spot,138.4624481201172,20.575915783150496,275.03728510346264,0.04302978515625,0.2960357666015625,59.68418884277344,"overexposed, low_contrast, blurry"
D:\Authenticity_Gap_Project\real\Tomato_healthy\ee83a3b8-911e-455e-be06-20583bfb6b74___GH_HL Leaf 451.JPG,Tomato_healthy,111.60014343261719,22.950261864143236,2909.8360065184534,0.075286865234375,0.3385772705078125,39.105865478515625,low_contrast
D:\Authenticity_Gap_Project\real\Tomato_Bacterial_spot\a8fc7e5e-24c7-45f5-a794-29fab66dd122___GCREC_Bact.Sp 3726.JPG,Tomato_Bacterial_spot,97.85174560546875,30.750708982231497,1098.5605656569824,0.060577392578125,0.466705322265625,51.76210021972656,no_visible_trait
D:\Authenticity_Gap_Project\real\Tomato_Bacterial_spot\7e3bff88-4160-4ba5-bbe1-6c1eedb6c7c1___UF.GRC_BS_Lab Leaf 0858.JPG,Tomato_Bacterial_spot,120.30223083496094,25.067849431123932,1172.3689335880335,0.1192626953125,0.48541259765625,59.8408203125,no_visible_trait
D:\Authenticity_Gap_Project\real\Potato___Late_blight\4043044d-1e8d-4861-9152-99660fdffa9e___RS_LB 4438.JPG,Potato___Late_blight,118.02119445800781,38.446078811315054,5412.373746264493,0.188507080078125,0.256103515625,62.35430908203125,no_visible_trait
D:\Authenticity_Gap_Project\real\Potato___Late_blight\324a0ba8-726a-4e6c-a15f-c32a1904f891___RS_LB 3078.JPG,Potato___Late_blight,129.11221313476562,56.594485353877005,5429.900422196602,0.1726837158203125,0.237396240234375,71.16639709472656,no_visible_trait
D:\Authenticity_Gap_Project\real\Tomato_Bacterial_spot\6e8eb50a-bb41-4bbd-a9f1-a6c829429cbc___GCREC_Bact.Sp 5891.JPG,Tomato_Bacterial_spot,103.80653381347656,42.07766047610406,582.2392461299896,0.032623291015625,0.3680877685546875,47.27095031738281,no_visible_trait
D:\Authenticity_Gap_Project\real\Tomato_Bacterial_spot\fea5289e-4a3a-4891-bbcc-fb38b75a23f9___UF.GRC_BS_Lab Leaf 1164.JPG,Tomato_Bacterial_spot,119.33296203613281,24.414496069715597,899.8864373629913,0.060516357421875,0.4419097900390625,73.0804443359375,no_visible_trait
D:\Authenticity_Gap_Project\real\Tomato_Bacterial_spot\a18d9608-18d6-4d61-bee8-bed85e479663___GCREC_Bact.Sp 3484.JPG,Tomato_Bacterial_spot,99.31637573242188,34.98481514070265,1221.800719883293,0.060150146484375,0.4605712890625,50.90492248535156,no_visible_trait
D:\Authenticity_Gap_Project\real\Tomato_Bacterial_spot\12168e10-ea77-4d6b-841e-bfe48e141cee___GCREC_Bact.Sp 6085.JPG,Tomato_Bacterial_spot,106.18678283691406,37.374155008985845,1522.2075486918911,0.0927581787109375,0.4105987548828125,55.888885498046875,no_visible_trait
D:\Authenticity_Gap_Project\real\Potato___Late_blight\80e39105-97cd-4368-9e3a-b5498ae1c0a2___RS_LB 4474.JPG,Potato___Late_blight,114.03567504882812,45.06091129574068,2718.6063733315095,0.1087646484375,0.1876373291015625,81.65408325195312,partial_or_small_leaf
D:\Authenticity_Gap_Project\real\Tomato_Bacterial_spot\3eb58ecd-dff2-47e6-a7a9-81fc4b75ada0___GCREC_Bact.Sp 5563.JPG,Tomato_Bacterial_spot,96.96061706542969,39.41067513485465,541.188917539781,0.0406646728515625,0.4731903076171875,68.4935302734375,dark
D:\Authenticity_Gap_Project\real\Tomato_Bacterial_spot\5b3d632e-acdb-4864-bae6-730306b44cd5___GCREC_Bact.Sp 3710.JPG,Tomato_Bacterial_spot,107.49786376953125,29.676477111954565,2038.0477031429764,0.0845947265625,0.4200286865234375,68.4429931640625,no_visible_trait
D:\Authenticity_Gap_Project\real\Potato___healthy\413bc2e9-eb2a-48fd-ba65-48b5121fd85c___RS_HL 4200.JPG,Potato___healthy,114.70169067382812,37.26386756630401,3226.198018738767,0.124603271484375,0.471649169921875,67.32383728027344,no_visible_trait
D:\Authenticity_Gap_Project\real\Tomato_Bacterial_spot\bfe43257-51c4-40c9-8989-a193b19ee2ed___GCREC_Bact.Sp 6111.JPG,Tomato_Bacterial_spot,105.38236999511719,32.1979861915816,1203.1751849835273,0.0468292236328125,0.39739990234375,49.51837158203125,no_visible_trait
D:\Authenticity_Gap_Project\real\Tomato_Bacterial_spot\b6d72c2e-9e41-4215-af23-8e84d94d839f___UF.GRC_BS_Lab Leaf 9065.JPG,Tomato_Bacterial_spot,116.16549682617188,26.041948670114053,176.33467650413513,0.0469207763671875,0.4270172119140625,82.44132995605469,blurry
D:\Authenticity_Gap_Project\real\Tomato_Bacterial_spot\6b68592a-aa06-4fac-ac47-b6d341e6f45e___UF.GRC_BS_Lab Leaf 0343.JPG,Tomato_Bacterial_spot,123.95387268066406,30.213728303665466,490.1987151072826,0.029144287109375,0.1667938232421875,31.438232421875,"partial_or_small_leaf, washed_out_colour"
D:\Authenticity_Gap_Project\real\Tomato_Bacterial_spot\db498ce2-43f3-46e8-a5ab-0af97ba95b3b___GCREC_Bact.Sp 6209.JPG,Tomato_Bacterial_spot,110.54336547851562,40.83897688495014,1229.6795630806591,0.0745849609375,0.4365386962890625,81.22309875488281,no_visible_trait
D:\Authenticity_Gap_Project\real\Tomato_Bacterial_spot\fd0edb16-764c-4f1d-8425-d7f67f7564c2___UF.GRC_BS_Lab Leaf 9084.JPG,Tomato_Bacterial_spot,123.02275085449219,19.792749837850653,295.5880716366228,0.03265380859375,0.37408447265625,47.61778259277344,"low_contrast, blurry"
D:\Authenticity_Gap_Project\real\Potato___Early_blight\3de47a70-4a74-462f-8b56-2088507be4ef___RS_Early.B 8832.JPG,Potato___Early_blight,111.22348022460938,50.08259061795051,5813.110017547151,0.2024993896484375,0.4718170166015625,91.22679138183594,no_visible_trait
D:\Authenticity_Gap_Project\real\Potato___Early_blight\9d0c69df-f5dc-4118-a654-ab40d100b9b6___RS_Early.B 8870.JPG,Potato___Early_blight,135.97071838378906,47.78887232913403,5434.526001881575,0.1541290283203125,0.30126953125,66.21965026855469,overexposed
D:\Authenticity_Gap_Project\real\Tomato_Bacterial_spot\fe95468b-717b-4a28-ba8d-dfb156a93a0e___GCREC_Bact.Sp 6216.JPG,Tomato_Bacterial_spot,96.41596984863281,36.978071827927906,1776.3647041013464,0.0626373291015625,0.41253662109375,44.092498779296875,dark
D:\Authenticity_Gap_Project\real\Tomato_Bacterial_spot\722f1c0d-d487-4209-b2cc-6d9ce7d2ecaa___GCREC_Bact.Sp 6238.JPG,Tomato_Bacterial_spot,100.04647827148438,45.942357382167785,970.6912515163422,0.050323486328125,0.4741058349609375,66.02291870117188,no_visible_trait
D:\Authenticity_Gap_Project\real\Potato___Late_blight\66473aff-3438-4a8c-8c05-5fed8a4255ae___RS_LB 4473.JPG,Potato___Late_blight,113.84068298339844,51.343403710101036,2439.1049584439024,0.096282958984375,0.1727142333984375,79.37126159667969,partial_or_small_leaf
D:\Authenticity_Gap_Project\real\Tomato_Bacterial_spot\adcd966b-b53f-471e-8e67-156481c0f4ed___GCREC_Bact.Sp 3316.JPG,Tomato_Bacterial_spot,108.42494201660156,27.928042125316,861.0457405706402,0.054290771484375,0.3751983642578125,58.89356994628906,no_visible_trait
D:\Authenticity_Gap_Project\real\Tomato_Bacterial_spot\fdd0012a-bf6a-4c3f-83b7-8e11a58f69d4___GCREC_Bact.Sp 6285.JPG,Tomato_Bacterial_spot,103.10714721679688,36.46852439667937,1630.5345590114594,0.075042724609375,0.4173431396484375,65.08428955078125,no_visible_trait
D:\Authenticity_Gap_Project\real\Tomato_Bacterial_spot\43d79893-c9e3-49b1-9dd7-52677d9bd325___GCREC_Bact.Sp 3196.JPG,Tomato_Bacterial_spot,107.82575988769531,33.50186774946436,1243.7412219529506,0.042327880859375,0.3698272705078125,45.223175048828125,no_visible_trait
D:\Authenticity_Gap_Project\real\Tomato_Bacterial_spot\87946145-3625-4e66-8570-c7c0d2c4a388___UF.GRC_BS_Lab Leaf 1148.JPG,Tomato_Bacterial_spot,126.42259216308594,24.16439001090344,585.0574685176834,0.043792724609375,0.350799560546875,56.63981628417969,no_visible_trait
D:\Authenticity_Gap_Project\real\Tomato_Bacterial_spot\00639d29-2d1a-4fcf-9bd3-a2b3109c74c4___UF.GRC_BS_Lab Leaf 1054.JPG,Tomato_Bacterial_spot,117.68304443359375,26.741911961021664,785.7565651664045,0.0671844482421875,0.3103179931640625,55.41477966308594,no_visible_trait
D:\Authenticity_Gap_Project\real\Potato___Late_blight\49e55f8e-4d44-452c-8e59-d4c4f0ae1085___RS_LB 4333.JPG,Potato___Late_blight,122.08816528320312,36.42728079625227,1325.7026544874534,0.0856475830078125,0.2667388916015625,58.53163146972656,no_visible_trait
D:\Authenticity_Gap_Project\real\Tomato_Bacterial_spot\3c7e6602-8832-4502-9a10-fc06389b9604___UF.GRC_BS_Lab Leaf 0641.JPG,Tomato_Bacterial_spot,118.89572143554688,30.854956012791657,414.27119104913436,0.0277099609375,0.287750244140625,48.66986083984375,blurry
D:\Authenticity_Gap_Project\real\Tomato_healthy\190a6af7-d7b1-4265-b05b-c126a7962c93___GH_HL Leaf 408.JPG,Tomato_healthy,126.71211242675781,22.774170303777176,4951.836759752594,0.1392364501953125,0.4480743408203125,49.84236145019531,low_contrast
D:\Authenticity_Gap_Project\real\Tomato_healthy\63568703-0cfc-4d23-a5e1-e3393df2d2fc___RS_HL 0246.JPG,Tomato_healthy,112.77699279785156,46.11988496197659,22371.045104494086,0.3419342041015625,0.31158447265625,50.67311096191406,cluttered_background
D:\Authenticity_Gap_Project\real\Tomato_healthy\fab41c44-a8b6-4821-8ffa-08a2c1234970___RS_HL 0070.JPG,Tomato_healthy,118.44871520996094,51.03201061748674,15107.290838531917,0.2983551025390625,0.352325439453125,59.46647644042969,cluttered_background
D:\Authenticity_Gap_Project\real\Tomato_Bacterial_spot\0f952ca0-e30b-4075-8bb9-1ebccb8aeb9f___GCREC_Bact.Sp 3326.JPG,Tomato_Bacterial_spot,108.91729736328125,26.213048231340196,1363.5839092654642,0.0701141357421875,0.275848388671875,61.12330627441406,no_visible_trait
D:\Authenticity_Gap_Project\real\Potato___Early_blight\d9293730-8ba7-4f41-936a-eb129bde096b___RS_Early.B 8102.JPG,Potato___Early_blight,125.08460998535156,55.46147122104604,8773.70941173262,0.2401275634765625,0.310882568359375,72.29377746582031,no_visible_trait
D:\Authenticity_Gap_Project\real\Tomato_healthy\1bfeed83-f119-46cd-b806-0e17e1dae136___RS_HL 0017.JPG,Tomato_healthy,127.97438049316406,42.456975002127734,12914.811433538795,0.3083953857421875,0.405426025390625,55.133148193359375,cluttered_background
D:\Authenticity_Gap_Project\real\Tomato_Bacterial_spot\5a82e7de-a72d-40cf-8e22-afe0e371fbf9___GCREC_Bact.Sp 6126.JPG,Tomato_Bacterial_spot,96.42799377441406,33.108515992366044,833.511215047678,0.0426483154296875,0.470611572265625,48.401947021484375,dark
D:\Authenticity_Gap_Project\real\Potato___Late_blight\a7dad20a-b0c0-408b-a961-17928319e17f___RS_LB 4645.JPG,Potato___Late_blight,109.69667053222656,52.423927504049146,3618.580348602496,0.1337890625,0.122467041015625,100.85789489746094,partial_or_small_leaf
D:\Authenticity_Gap_Project\real\Tomato_Bacterial_spot\31ebf507-8a9d-42ac-89fa-54cbc98cc1d9___GCREC_Bact.Sp 6388.JPG,Tomato_Bacterial_spot,106.13887023925781,29.19054797627618,2518.442229545675,0.1025848388671875,0.2453155517578125,48.40126037597656,no_visible_trait
D:\Authenticity_Gap_Project\real\Potato___Early_blight\0e6b9e09-2bcd-41e0-b001-b80a33a8a78b___RS_Early.B 8694.JPG,Potato___Early_blight,128.47122192382812,51.45416586401712,6103.960614241427,0.21270751953125,0.1601409912109375,86.48078918457031,partial_or_small_leaf
D:\Authenticity_Gap_Project\real\Potato___Late_blight\d2ff230f-99a5-4dc5-968c-246d772788af___RS_LB 3279.JPG,Potato___Late_blight,123.26068115234375,46.40645361829168,5308.99722257047,0.171142578125,0.4223175048828125,74.36787414550781,no_visible_trait
D:\Authenticity_Gap_Project\real\Potato___Late_blight\b64e4518-147a-4a75-9f9b-33db8902aa12___RS_LB 3202.JPG,Potato___Late_blight,129.21522521972656,49.987736113200384,5750.151486154646,0.162445068359375,0.281646728515625,54.33851623535156,no_visible_trait
D:\Authenticity_Gap_Project\real\Tomato_healthy\c11a3cf1-de74-421e-89d0-11ea1508673d___RS_HL 0185.JPG,Tomato_healthy,123.02333068847656,46.04357957636811,14204.969104157528,0.296966552734375,0.2665557861328125,44.18403625488281,no_visible_trait
D:\Authenticity_Gap_Project\real\Tomato_Bacterial_spot\513411b7-3388-4d3f-b1d2-6fe67b11a5ec___GCREC_Bact.Sp 5814.JPG,Tomato_Bacterial_spot,93.15643310546875,31.425329017052434,852.9088909393176,0.0481414794921875,0.55694580078125,62.37876892089844,dark
D:\Authenticity_Gap_Project\real\Potato___Early_blight\3ab17a89-2e50-49c2-bb75-518369da98c1___RS_Early.B 8636.JPG,Potato___Early_blight,151.7027130126953,45.176969483810275,6008.964186312398,0.1646270751953125,0.4876861572265625,73.22222900390625,overexposed
D:\Authenticity_Gap_Project\real\Tomato_healthy\af409ada-072e-4b27-ab15-5cd00116f82e___RS_HL 9824.JPG,Tomato_healthy,116.06465148925781,43.29895513593426,16905.809508799575,0.32879638671875,0.3554229736328125,54.74308776855469,cluttered_background
D:\Authenticity_Gap_Project\real\Tomato_Bacterial_spot\25a52867-003f-4390-a80d-03c63c038e9a___UF.GRC_BS_Lab Leaf 0341.JPG,Tomato_Bacterial_spot,126.61515808105469,43.244957937936164,216.16515477653593,0.0330657958984375,0.23388671875,48.60679626464844,blurry
D:\Authenticity_Gap_Project\real\Tomato_healthy\630ae481-49e7-470c-ad05-177132a6648a___RS_HL 0178.JPG,Tomato_healthy,118.32595825195312,42.69537412789714,18117.273639822146,0.334869384765625,0.3697052001953125,60.939422607421875,cluttered_background
D:\Authenticity_Gap_Project\real\Tomato_Bacterial_spot\888463af-3611-49bb-bbf3-b3b35d0496dd___UF.GRC_BS_Lab Leaf 8725.JPG,Tomato_Bacterial_spot,135.1354522705078,23.981332064130832,80.86375416978262,0.0226593017578125,0.5077667236328125,75.25962829589844,blurry
D:\Authenticity_Gap_Project\real\Tomato_Bacterial_spot\aeb3e3c0-e171-4591-a00a-9e6d353d52e8___GCREC_Bact.Sp 3778.JPG,Tomato_Bacterial_spot,99.04928588867188,27.680961661909993,173.75839960202575,0.011993408203125,0.530914306640625,74.41860961914062,blurry
D:\Authenticity_Gap_Project\real\Tomato_healthy\7beda862-3964-4839-9d08-b9b3fa27b028___RS_HL 9952.JPG,Tomato_healthy,125.26174926757812,46.0254926868471,19077.45773505792,0.337982177734375,0.35833740234375,50.06866455078125,cluttered_background
D:\Authenticity_Gap_Project\real\Tomato_healthy\acdf2283-0e7c-4ccd-8817-1019e3a8ed20___RS_HL 9943.JPG,Tomato_healthy,107.07119750976562,53.13826003408241,16481.340619310737,0.299530029296875,0.2317352294921875,58.03608703613281,cluttered_background
D:\Authenticity_Gap_Project\real\Tomato_Bacterial_spot\1737e7ba-181e-400c-ab66-7723468e277f___UF.GRC_BS_Lab Leaf 0348.JPG,Tomato_Bacterial_spot,121.54681396484375,26.459569750884356,165.11213978286833,0.022186279296875,0.261260986328125,45.648345947265625,blurry
D:\Authenticity_Gap_Project\real\Potato___Early_blight\a38df468-bb4a-4bb3-9ee9-a2dffae718e9___RS_Early.B 8690.JPG,Potato___Early_blight,122.98748779296875,46.217543269271886,6294.325373179279,0.236968994140625,0.2062530517578125,93.67156982421875,no_visible_trait
D:\Authenticity_Gap_Project\real\Tomato_healthy\5dbc2db5-5bb2-4a3c-9a90-d2228c1462f8___RS_HL 9770.JPG,Tomato_healthy,127.08256530761719,38.37805446715408,8898.09626854374,0.2460174560546875,0.326812744140625,48.28834533691406,no_visible_trait
D:\Authenticity_Gap_Project\real\Tomato_Bacterial_spot\095f2dd4-7e65-44ab-a867-c5d9634ec532___GCREC_Bact.Sp 3801.JPG,Tomato_Bacterial_spot,93.87239074707031,34.538128955443206,539.6082804591861,0.053314208984375,0.505157470703125,97.34062194824219,dark
D:\Authenticity_Gap_Project\real\Potato___Late_blight\65bab626-51a1-4d16-ab9c-ddd25f4e2e33___RS_LB 4927.JPG,Potato___Late_blight,140.25279235839844,47.59351226911552,5536.338652487844,0.137847900390625,0.2184600830078125,40.108489990234375,overexposed
D:\Authenticity_Gap_Project\real\Tomato_Bacterial_spot\ef201af2-bb22-4c9f-bbdd-d6258f215cf6___UF.GRC_BS_Lab Leaf 1112.JPG,Tomato_Bacterial_spot,114.96237182617188,32.8870087848659,1476.8646545326337,0.104248046875,0.159454345703125,55.63310241699219,partial_or_small_leaf
D:\Authenticity_Gap_Project\real\Potato___healthy\36bdc44c-96a4-40bb-86f7-63a91d706e96___RS_HL 4203.JPG,Potato___healthy,95.12425231933594,42.01615290214111,4245.538048492512,0.1505584716796875,0.4551239013671875,97.79180908203125,dark
D:\Authenticity_Gap_Project\real\Potato___Early_blight\24fb74df-0aa9-4e89-9ba4-55a4664438ab___RS_Early.B 8634.JPG,Potato___Early_blight,130.42648315429688,52.125353885001864,4983.946232943796,0.1657562255859375,0.57135009765625,91.44509887695312,no_visible_trait
D:\Authenticity_Gap_Project\real\Tomato_healthy\130c7763-2ace-42bc-b2f0-ef78be095e8c___RS_HL 0171.JPG,Tomato_healthy,128.207763671875,42.85865495976016,14620.06479454576,0.31512451171875,0.27667236328125,43.52842712402344,cluttered_background
D:\Authenticity_Gap_Project\real\Tomato_Bacterial_spot\c7281266-81e4-4ef3-a601-7662898fe565___GCREC_Bact.Sp 3148.JPG,Tomato_Bacterial_spot,95.55561828613281,30.240867376489376,1227.940404332243,0.0773162841796875,0.3993682861328125,62.14430236816406,dark
D:\Authenticity_Gap_Project\real\Tomato_Bacterial_spot\afb75fca-bf21-4def-99aa-1fdf5455a95a___GCREC_Bact.Sp 3440.JPG,Tomato_Bacterial_spot,107.45408630371094,30.890976660695493,1632.4979858165607,0.0841827392578125,0.3029632568359375,50.446563720703125,no_visible_trait
D:\Authenticity_Gap_Project\real\Potato___Early_blight\31d0ecc8-045d-4a4a-ac33-431556c83e4c___RS_Early.B 8692.JPG,Potato___Early_blight,134.24169921875,46.77457169571662,6365.369084879523,0.2092132568359375,0.1490631103515625,79.21823120117188,partial_or_small_leaf
D:\Authenticity_Gap_Project\real\Tomato_healthy\f2758dd2-5274-45df-8f00-639731ec3120___RS_HL 9750.JPG,Tomato_healthy,121.95277404785156,42.14636428297131,16212.80643569096,0.3202056884765625,0.3188323974609375,50.56025695800781,cluttered_background
D:\Authenticity_Gap_Project\real\Potato___Late_blight\2b974785-090d-4dae-81a2-ce3ebc2a1c68___RS_LB 4634.JPG,Potato___Late_blight,117.51812744140625,36.60691255935537,1747.7124213865027,0.0963134765625,0.24383544921875,49.14845275878906,no_visible_trait
D:\Authenticity_Gap_Project\real\Tomato_Bacterial_spot\0eeb4776-110d-4100-8c88-26a64eb05b22___GCREC_Bact.Sp 6101.JPG,Tomato_Bacterial_spot,106.53334045410156,35.864883995896605,992.3602645860519,0.050048828125,0.47314453125,54.83769226074219,no_visible_trait
D:\Authenticity_Gap_Project\real\Potato___Late_blight\10f41035-20e2-4037-96b6-474ce343d6c2___RS_LB 2725.JPG,Potato___Late_blight,134.44076538085938,55.88009832637174,6224.030777684413,0.1756744384765625,0.3390350341796875,80.03274536132812,no_visible_trait
D:\Authenticity_Gap_Project\real\Potato___Late_blight\d7fdf2fa-8a55-4ff5-86a2-ca73c5883e93___RS_LB 4665.JPG,Potato___Late_blight,103.98200988769531,39.79277333917368,4003.204129215097,0.1355438232421875,0.1580352783203125,102.83815002441406,partial_or_small_leaf
D:\Authenticity_Gap_Project\real\Tomato_Bacterial_spot\9be12ff4-ce19-4681-80ec-bc21543a74af___GCREC_Bact.Sp 3318.JPG,Tomato_Bacterial_spot,102.63082885742188,28.906366203677024,1374.295913377544,0.0764923095703125,0.3232421875,59.55433654785156,no_visible_trait
D:\Authenticity_Gap_Project\real\Potato___Early_blight\5fd6c76a-1e89-4991-9991-2b61670d5175___RS_Early.B 8208.JPG,Potato___Early_blight,128.5778350830078,54.709763180855774,7413.731603881111,0.2068634033203125,0.4362335205078125,64.03445434570312,no_visible_trait
D:\Authenticity_Gap_Project\real\Tomato_Bacterial_spot\47ad1c56-26d9-46b8-a7b0-473a56024129___GCREC_Bact.Sp 3856.JPG,Tomato_Bacterial_spot,108.56828308105469,31.962657223791755,1781.925934891915,0.076751708984375,0.487091064453125,64.21406555175781,no_visible_trait
D:\Authenticity_Gap_Project\real\Tomato_Bacterial_spot\d5b68019-d730-432d-80b5-dcd87b39742d___UF.GRC_BS_Lab Leaf 1200.JPG,Tomato_Bacterial_spot,113.74388122558594,31.199589234208734,815.282635362586,0.0605316162109375,0.388671875,52.732940673828125,no_visible_trait
D:\Authenticity_Gap_Project\real\Tomato_Bacterial_spot\1ba1b688-e5b6-4871-8e70-edbf17bef408___GCREC_Bact.Sp 6125.JPG,Tomato_Bacterial_spot,94.12973022460938,29.451430092984413,807.6802396439016,0.034820556640625,0.493682861328125,47.372650146484375,dark
D:\Authenticity_Gap_Project\real\Tomato_Bacterial_spot\55ab0db9-5d18-4634-ab2a-db1a2c3f4299___UF.GRC_BS_Lab Leaf 1032.JPG,Tomato_Bacterial_spot,117.11871337890625,36.40222458170585,1483.8968247435987,0.081298828125,0.346282958984375,56.24259948730469,no_visible_trait
D:\Authenticity_Gap_Project\real\Potato___Early_blight\e6d543a1-8e5e-4709-9329-b93d63f52edf___RS_Early.B 8324.JPG,Potato___Early_blight,142.03492736816406,52.937102088379156,5749.668064141413,0.208831787109375,0.24224853515625,76.95611572265625,overexposed
D:\Authenticity_Gap_Project\real\Potato___Late_blight\0f1fb568-1b12-45ef-ad99-c59fa9075693___RS_LB 3242.JPG,Potato___Late_blight,117.75418090820312,44.517726128738055,5564.7377734666225,0.188751220703125,0.4136199951171875,56.99617004394531,no_visible_trait
D:\Authenticity_Gap_Project\real\Tomato_Bacterial_spot\9db76d87-45bd-4843-a9b8-8f10a85a302c___GCREC_Bact.Sp 3714.JPG,Tomato_Bacterial_spot,109.71435546875,25.846508533904018,1704.2284104824066,0.088104248046875,0.321533203125,59.0328369140625,no_visible_trait
D:\Authenticity_Gap_Project\real\Tomato_Bacterial_spot\90c73b3d-1467-4c37-81d0-a264e13348a6___GCREC_Bact.Sp 3147.JPG,Tomato_Bacterial_spot,102.09193420410156,34.82313166428,1255.394345011562,0.0856170654296875,0.37957763671875,62.350799560546875,no_visible_trait
D:\Authenticity_Gap_Project\real\Tomato_Bacterial_spot\b0fc7984-f1bf-4d50-b495-0a363445158f___UF.GRC_BS_Lab Leaf 9102.JPG,Tomato_Bacterial_spot,121.17189025878906,23.916818364639884,318.30537846311927,0.033172607421875,0.3867645263671875,52.15937805175781,blurry
D:\Authenticity_Gap_Project\real\Potato___Early_blight\f8de1c8d-67a0-4825-9ad6-e15809ff909c___RS_Early.B 7348.JPG,Potato___Early_blight,141.7521514892578,36.48225017163072,6780.291015565395,0.1696929931640625,0.5469818115234375,67.63165283203125,overexposed
D:\Authenticity_Gap_Project\real\Tomato_Bacterial_spot\496716ca-78e6-4ae6-b3d4-2ed9f91f52b0___GCREC_Bact.Sp 3660.JPG,Tomato_Bacterial_spot,110.02029418945312,31.301329672538216,899.3830547183752,0.0441741943359375,0.530487060546875,60.78279113769531,no_visible_trait
D:\Authenticity_Gap_Project\real\Tomato_healthy\8edbb3bf-ae44-4870-9c39-cd33fd088a55___RS_HL 0429.JPG,Tomato_healthy,111.36636352539062,52.1247473126339,17245.56657295837,0.31195068359375,0.367431640625,69.5302734375,cluttered_background
D:\Authenticity_Gap_Project\real\Tomato_Bacterial_spot\2224e59e-d71f-4d3e-8d48-7dc90551aeb1___UF.GRC_BS_Lab Leaf 0251.JPG,Tomato_Bacterial_spot,103.772216796875,41.460854629626425,287.39353631436825,0.0397186279296875,0.2639617919921875,58.90022277832031,blurry
D:\Authenticity_Gap_Project\real\Tomato_Bacterial_spot\500ac3b7-1e92-4cd1-8c80-9e5270cf02d4___GCREC_Bact.Sp 6210.JPG,Tomato_Bacterial_spot,119.47221374511719,29.657379714458173,1167.6021996727213,0.0768280029296875,0.48236083984375,76.90702819824219,no_visible_trait
D:\Authenticity_Gap_Project\real\Potato___Late_blight\6fea732f-0819-4ba1-922a-8cbb1a94baff___RS_LB 3336.JPG,Potato___Late_blight,108.91958618164062,51.27383184629174,6243.173671057215,0.1894378662109375,0.201385498046875,76.55430603027344,partial_or_small_leaf
D:\Authenticity_Gap_Project\real\Tomato_Bacterial_spot\ae56e1f5-973e-4d9a-9d7e-25233f6d2c25___GCREC_Bact.Sp 3632.JPG,Tomato_Bacterial_spot,103.12553405761719,30.22684070956528,1217.1653025371488,0.0600128173828125,0.4270782470703125,59.73663330078125,no_visible_trait
D:\Authenticity_Gap_Project\real\Tomato_healthy\717efedc-6fcb-4509-895f-369d82161acf___RS_HL 0184.JPG,Tomato_healthy,118.73649597167969,47.871519522811866,18726.055892430013,0.3224029541015625,0.3115692138671875,49.47651672363281,cluttered_background
D:\Authenticity_Gap_Project\real\Tomato_Bacterial_spot\9be85690-9fdb-4ddd-b007-686bc4074786___GCREC_Bact.Sp 5780.JPG,Tomato_Bacterial_spot,93.9210205078125,33.40715831002604,1093.120423257351,0.0351715087890625,0.4941253662109375,63.626556396484375,dark
D:\Authenticity_Gap_Project\real\Tomato_Bacterial_spot\79466870-1413-4b75-93e6-31b827cfa3ac___GCREC_Bact.Sp 6043.JPG,Tomato_Bacterial_spot,100.68923950195312,31.452188459149944,1004.7294984103646,0.077178955078125,0.4068603515625,60.88755798339844,no_visible_trait
D:\Authenticity_Gap_Project\real\Tomato_Bacterial_spot\3fa087fa-ee1e-4c2a-92da-66230e00ea44___UF.GRC_BS_Lab Leaf 0706.JPG,Tomato_Bacterial_spot,113.09904479980469,46.277004313567915,646.1787359332666,0.0736846923828125,0.445770263671875,62.276885986328125,no_visible_trait
D:\Authenticity_Gap_Project\real\Tomato_Bacterial_spot\934f7497-94be-4557-8e25-6bc9b27ba7ba___UF.GRC_BS_Lab Leaf 0392.JPG,Tomato_Bacterial_spot,123.75155639648438,29.39971243821443,400.82916036155075,0.03607177734375,0.299591064453125,47.978363037109375,blurry
D:\Authenticity_Gap_Project\real\Tomato_healthy\1479f22a-c0d6-4dac-a752-578f575f276d___GH_HL Leaf 173.5.JPG,Tomato_healthy,119.48695373535156,26.825801751474863,2651.1862167716026,0.0677642822265625,0.2086334228515625,27.025131225585938,washed_out_colour
D:\Authenticity_Gap_Project\real\Potato___Early_blight\8f0e2872-e5c6-43b2-97f9-269da00cd400___RS_Early.B 8089.JPG,Potato___Early_blight,136.6186981201172,55.586057823257256,7050.69863906852,0.2214202880859375,0.323333740234375,83.70181274414062,overexposed
D:\Authenticity_Gap_Project\real\Tomato_Bacterial_spot\f5b9b1ee-1abf-489f-be80-a4c80bfb2820___UF.GRC_BS_Lab Leaf 0445.JPG,Tomato_Bacterial_spot,123.00102233886719,18.28295720673704,833.089847288793,0.0416107177734375,0.2378997802734375,36.80012512207031,"low_contrast, washed_out_colour"
D:\Authenticity_Gap_Project\real\Tomato_healthy\acdbf632-8d26-472d-874f-6d7df5cd0432___RS_HL 9897.JPG,Tomato_healthy,109.40147399902344,50.46353885054526,17641.289978895104,0.2928466796875,0.3078765869140625,55.940673828125,no_visible_trait
D:\Authenticity_Gap_Project\real\Potato___Early_blight\5755142f-0cba-45b7-a563-beb1bf6db374___RS_Early.B 8321.JPG,Potato___Early_blight,136.53628540039062,52.58012564006287,7538.08999598003,0.2334442138671875,0.2538909912109375,76.0657958984375,overexposed
D:\Authenticity_Gap_Project\real\Tomato_Bacterial_spot\9579c6c6-2bd1-4bd9-ba38-22791662a30e___GCREC_Bact.Sp 3544.JPG,Tomato_Bacterial_spot,98.22904968261719,35.0192301069417,1549.4277695880737,0.0532073974609375,0.464324951171875,65.89024353027344,no_visible_trait
D:\Authenticity_Gap_Project\real\Potato___Late_blight\b0945b27-3331-4f03-b1c9-1465e12577aa___RS_LB 4355.JPG,Potato___Late_blight,131.41297912597656,43.360326164953555,2279.382163748145,0.1157073974609375,0.3075408935546875,74.62713623046875,no_visible_trait
D:\Authenticity_Gap_Project\real\Tomato_healthy\b2793705-a666-4ba0-ac9f-3b60fc0bbdf4___RS_HL 0342.JPG,Tomato_healthy,113.89335632324219,50.09626805266954,13684.268455030164,0.2983551025390625,0.2954254150390625,52.175445556640625,cluttered_background
D:\Authenticity_Gap_Project\real\Tomato_Bacterial_spot\431d6abc-9adb-4454-a3c6-e6b6a3ec79db___GCREC_Bact.Sp 6045.JPG,Tomato_Bacterial_spot,106.94354248046875,30.988175901507745,1472.5350716391113,0.08349609375,0.344207763671875,53.63441467285156,no_visible_trait
D:\Authenticity_Gap_Project\real\Tomato_healthy\cc289e5c-7899-4081-9ea9-c3dc3ad3d2d4___GH_HL Leaf 408.1.JPG,Tomato_healthy,105.34225463867188,21.29143021110096,4569.759780760622,0.1328887939453125,0.4511566162109375,53.738677978515625,low_contrast
D:\Authenticity_Gap_Project\real\Tomato_healthy\185440e0-ca0a-4cd6-aba7-d03fae21552f___RS_HL 0141.JPG,Tomato_healthy,122.62599182128906,45.1894074452235,15778.25515133678,0.319488525390625,0.2871856689453125,47.551971435546875,cluttered_background
D:\Authenticity_Gap_Project\real\Tomato_Bacterial_spot\9a323188-21b6-404a-b5f5-995915dd861f___GCREC_Bact.Sp 6083.JPG,Tomato_Bacterial_spot,103.635009765625,33.3141011744344,1005.0188384985086,0.06329345703125,0.335418701171875,47.61280822753906,no_visible_trait
D:\Authenticity_Gap_Project\real\Tomato_healthy\7e0f5a39-e44e-40fe-8486-f369cb59895b___RS_HL 9790.JPG,Tomato_healthy,117.07861328125,44.25900728341893,7966.11636319384,0.238433837890625,0.2470550537109375,48.66925048828125,no_visible_trait
D:\Authenticity_Gap_Project\real\Potato___Late_blight\4337f628-ff14-4603-9120-8639c78cacea___RS_LB 3183.JPG,Potato___Late_blight,123.02970886230469,51.81574840517865,4762.726478237426,0.1641845703125,0.3405914306640625,69.47828674316406,no_visible_trait
D:\Authenticity_Gap_Project\real\Potato___Early_blight\c3bf3f15-b1ae-4e36-97a4-f341879db6ae___RS_Early.B 8263.JPG,Potato___Early_blight,126.94021606445312,60.932281147532855,9752.434839207446,0.2334442138671875,0.2414093017578125,72.52156066894531,no_visible_trait
D:\Authenticity_Gap_Project\real\Tomato_Bacterial_spot\963e1eca-9916-4918-a2da-0f5feaef000a___UF.GRC_BS_Lab Leaf 0269.JPG,Tomato_Bacterial_spot,129.4005126953125,42.02918561648322,325.8291469474789,0.0395660400390625,0.22509765625,52.923065185546875,blurry
D:\Authenticity_Gap_Project\real\Tomato_healthy\cea3c7e9-94d8-4f97-bd50-e19a428c5162___RS_HL 0013.JPG,Tomato_healthy,124.46726989746094,42.45931887186432,11154.853604755364,0.270660400390625,0.2971954345703125,46.33381652832031,no_visible_trait
D:\Authenticity_Gap_Project\real\Tomato_Bacterial_spot\ef79c0ac-b8c5-437b-8d10-971f819b4ab8___GCREC_Bact.Sp 6084.JPG,Tomato_Bacterial_spot,100.20062255859375,42.33741163761629,1232.8955349773169,0.0736083984375,0.3556976318359375,55.88990783691406,no_visible_trait
D:\Authenticity_Gap_Project\real\Tomato_healthy\93c9da62-19ca-4e90-b355-0dc71ff5cc4b___RS_HL 9752.JPG,Tomato_healthy,128.811279296875,35.63625865096938,6044.3152840724215,0.182830810546875,0.393768310546875,48.674652099609375,no_visible_trait
D:\Authenticity_Gap_Project\real\Tomato_Bacterial_spot\30dab838-d0e4-4028-9992-39a30009c167___GCREC_Bact.Sp 5829.JPG,Tomato_Bacterial_spot,101.82777404785156,41.167404637096254,727.9837414091453,0.036163330078125,0.49176025390625,63.569366455078125,no_visible_trait
D:\Authenticity_Gap_Project\real\Tomato_healthy\9dc940f8-cd79-4341-95ef-f845583d9dff___RS_HL 9751.JPG,Tomato_healthy,114.190673828125,47.5884875151496,14412.31176084932,0.2868499755859375,0.3623046875,59.95899963378906,no_visible_trait
D:\Authenticity_Gap_Project\real\Tomato_Bacterial_spot\f2cd6d62-01d1-4396-99f7-af3137a3bdc0___GCREC_Bact.Sp 5890.JPG,Tomato_Bacterial_spot,105.51676940917969,35.58371793692517,519.8816375208553,0.0270843505859375,0.4241485595703125,48.705322265625,no_visible_trait
D:\Authenticity_Gap_Project\real\Tomato_healthy\5ac6005e-d9b6-4847-bd28-e43038e02450___RS_HL 0489.JPG,Tomato_healthy,126.6019287109375,46.59412875475664,17078.05553085264,0.3354339599609375,0.4139556884765625,63.09474182128906,cluttered_background
D:\Authenticity_Gap_Project\real\Tomato_Bacterial_spot\da471a01-eb1c-4b89-9b21-6dee2719c200___UF.GRC_BS_Lab Leaf 0495.JPG,Tomato_Bacterial_spot,122.83282470703125,23.9208711248282,451.572793133324,0.0311737060546875,0.25457763671875,29.535614013671875,"blurry, washed_out_colour"
D:\Authenticity_Gap_Project\real\Potato___Late_blight\319335dc-6a48-4fe4-932b-326f1455f3cd___RS_LB 4703.JPG,Potato___Late_blight,114.55377197265625,36.55861660307219,905.2466664751992,0.047515869140625,0.3676605224609375,53.996917724609375,no_visible_trait
D:\Authenticity_Gap_Project\real\Tomato_Bacterial_spot\66348a1f-6ca3-43c3-9883-ccf79c8dec89___GCREC_Bact.Sp 3640.JPG,Tomato_Bacterial_spot,97.53189086914062,34.695024730198796,1866.7891180978622,0.0789031982421875,0.3403167724609375,54.95042419433594,no_visible_trait
D:\Authenticity_Gap_Project\real\Tomato_healthy\6e583c78-1f36-4d5e-bc0e-24f3c76a2c1d___RS_HL 0284.JPG,Tomato_healthy,113.9056396484375,48.24867056571018,23504.275618901243,0.3438873291015625,0.4976348876953125,68.89424133300781,cluttered_background
D:\Authenticity_Gap_Project\real\Potato___Late_blight\19323229-6fdc-4231-bd3e-a46ddcff2111___RS_LB 3196.JPG,Potato___Late_blight,129.7255096435547,46.497927251248335,5361.732782125473,0.1663665771484375,0.2992095947265625,53.00697326660156,no_visible_trait
D:\Authenticity_Gap_Project\real\Potato___Late_blight\1f560f09-0b70-40c9-b907-4cac9ba47b8d___RS_LB 3184.JPG,Potato___Late_blight,96.07623291015625,52.250465374987655,4279.313461050158,0.1640167236328125,0.3427734375,86.90196228027344,dark
D:\Authenticity_Gap_Project\real\Tomato_Bacterial_spot\9de6c73c-49a3-4cd4-bc44-283a96b12328___GCREC_Bact.Sp 3574.JPG,Tomato_Bacterial_spot,122.72026062011719,25.045808415676515,250.3577802181244,0.0353546142578125,0.5955810546875,43.24586486816406,blurry
D:\Authenticity_Gap_Project\real\Tomato_healthy\95a43787-4b69-4ad8-854f-7d8cbd1e6cac___RS_HL 9642.JPG,Tomato_healthy,127.82664489746094,45.47708953413497,11271.6388121536,0.2514190673828125,0.1563720703125,46.46287536621094,partial_or_small_leaf
D:\Authenticity_Gap_Project\real\Potato___healthy\ec6e43d3-512d-4908-99f2-c9e2a0be54be___RS_HL 4202.JPG,Potato___healthy,99.50064086914062,42.476749652767644,2693.4726389271673,0.1166229248046875,0.5740203857421875,96.19491577148438,no_visible_trait
D:\Authenticity_Gap_Project\real\Tomato_healthy\c4237d59-bfd9-476a-93c1-c0c3c3fef4ef___RS_HL 0068.JPG,Tomato_healthy,117.87080383300781,48.435625451386876,14481.94046805799,0.308135986328125,0.384918212890625,61.70298767089844,cluttered_background
D:\Authenticity_Gap_Project\real\Tomato_healthy\12a3a4c8-0f82-419c-9a7f-0fc6d261299a___RS_HL 9988.JPG,Tomato_healthy,121.20352172851562,47.99415098589821,12827.907943725586,0.2938995361328125,0.379608154296875,51.67411804199219,no_visible_trait
D:\Authenticity_Gap_Project\real\Tomato_Bacterial_spot\372d40b5-aac9-43d3-b9e7-08d52467622c___GCREC_Bact.Sp 6215.JPG,Tomato_Bacterial_spot,101.74443054199219,40.97549794314472,1906.292280431604,0.0896453857421875,0.4923095703125,48.775054931640625,no_visible_trait
D:\Authenticity_Gap_Project\real\Tomato_healthy\bb0d7ad0-8374-41a1-85bd-699892bb8431___RS_HL 0176.JPG,Tomato_healthy,117.96733093261719,42.62816423421383,15939.97174335178,0.317138671875,0.314605712890625,58.0712890625,cluttered_background
D:\Authenticity_Gap_Project\real\Tomato_Bacterial_spot\ad2c35c8-fa0b-472b-94da-74699da0dede___GCREC_Bact.Sp 6046.JPG,Tomato_Bacterial_spot,106.82658386230469,32.77014521920697,868.3797875416931,0.08599853515625,0.3804931640625,59.91242980957031,no_visible_trait
D:\Authenticity_Gap_Project\real\Tomato_Bacterial_spot\b174fcf1-c7be-4819-8c91-4b3897b92297___GCREC_Bact.Sp 3195.JPG,Tomato_Bacterial_spot,97.34982299804688,33.85061318543866,1223.8002823060378,0.046051025390625,0.3977203369140625,53.91227722167969,no_visible_trait
D:\Authenticity_Gap_Project\real\Potato___Late_blight\85bbcdd2-a9fe-46d1-8e0e-f4e2c5e885fe___RS_LB 3218.JPG,Potato___Late_blight,118.08665466308594,49.65459413172519,7269.064591101371,0.211029052734375,0.1843109130859375,65.64152526855469,partial_or_small_leaf
D:\Authenticity_Gap_Project\real\Tomato_Bacterial_spot\34f9b271-4f62-4fd4-8c69-edfdf3b08314___UF.GRC_BS_Lab Leaf 1199.JPG,Tomato_Bacterial_spot,118.94172668457031,19.839784319462225,923.3381758593023,0.0494232177734375,0.3282623291015625,42.92254638671875,low_contrast
D:\Authenticity_Gap_Project\real\Potato___Late_blight\fc748621-bd56-4012-a617-9e30df58ecfc___RS_LB 4402.JPG,Potato___Late_blight,122.74172973632812,46.03080887365222,4017.3101645559072,0.145050048828125,0.270538330078125,84.69891357421875,no_visible_trait
D:\Authenticity_Gap_Project\real\Tomato_healthy\d7aed304-347b-4c78-ac63-b29db901e1d4___RS_HL 0061.JPG,Tomato_healthy,114.41868591308594,50.62088330177271,19066.012435696088,0.3195953369140625,0.25177001953125,54.1827392578125,cluttered_background
D:\Authenticity_Gap_Project\real\Tomato_Bacterial_spot\58b4de6b-90af-4c5b-a95b-3fdd953c9255___GCREC_Bact.Sp 5830.JPG,Tomato_Bacterial_spot,98.35260009765625,36.84850994124298,404.5133960759267,0.02569580078125,0.4736175537109375,62.18449401855469,blurry
D:\Authenticity_Gap_Project\real\Tomato_Bacterial_spot\b227ea2d-9b5c-48a3-9746-033207311fc6___GCREC_Bact.Sp 3794.JPG,Tomato_Bacterial_spot,87.03164672851562,25.18790054636934,1076.551740989089,0.0667266845703125,0.423309326171875,97.97906494140625,dark
D:\Authenticity_Gap_Project\real\Tomato_Bacterial_spot\56a71742-bb4c-4fde-8f21-5ebc5f37514d___GCREC_Bact.Sp 5738.JPG,Tomato_Bacterial_spot,94.10324096679688,43.418814739498046,893.0491424535867,0.0352325439453125,0.3318634033203125,58.256561279296875,dark
D:\Authenticity_Gap_Project\real\Tomato_Bacterial_spot\dbbb04ee-e2ea-4c76-bf67-c3a0aa708407___UF.GRC_BS_Lab Leaf 0508.JPG,Tomato_Bacterial_spot,125.61488342285156,26.703393294116154,376.55514496192336,0.03155517578125,0.254150390625,28.0975341796875,"blurry, washed_out_colour"
D:\Authenticity_Gap_Project\real\Tomato_healthy\784b04db-e95c-4afb-b451-1b6837d0d90e___RS_HL 0059.JPG,Tomato_healthy,114.54330444335938,49.983455988235946,17863.376763901673,0.319427490234375,0.2871246337890625,54.09135437011719,cluttered_background
D:\Authenticity_Gap_Project\real\Tomato_Bacterial_spot\0db0e663-b580-45b3-bd20-bc8a7f3d8b34___GCREC_Bact.Sp 6189.JPG,Tomato_Bacterial_spot,96.01069641113281,30.30027578041189,1844.6102217799053,0.069305419921875,0.5782470703125,55.4892578125,dark
D:\Authenticity_Gap_Project\real\Tomato_Bacterial_spot\7236e643-bb0f-475e-8bb6-41981fc696f4___UF.GRC_BS_Lab Leaf 8747.JPG,Tomato_Bacterial_spot,129.75694274902344,25.09913065375203,224.1432105889544,0.0467681884765625,0.3844146728515625,79.50852966308594,blurry
D:\Authenticity_Gap_Project\real\Tomato_Bacterial_spot\2b011bd3-107c-4a83-b961-eb7131d2a76a___UF.GRC_BS_Lab Leaf 0281.JPG,Tomato_Bacterial_spot,125.9041748046875,21.010582652584482,161.56192564964294,0.0127716064453125,0.203338623046875,33.12162780761719,"low_contrast, blurry, partial_or_small_leaf, washed_out_colour"
D:\Authenticity_Gap_Project\real\Potato___Late_blight\77e2a857-e169-42f4-9886-708024781837___RS_LB 4705.JPG,Potato___Late_blight,117.90953063964844,40.081448336102355,659.5005642210599,0.0539093017578125,0.3883056640625,63.11521911621094,no_visible_trait
D:\Authenticity_Gap_Project\real\Tomato_healthy\8e9914bb-920e-4469-b1d4-580ab5e8790a___RS_HL 0069.JPG,Tomato_healthy,130.1543731689453,44.30109127700907,14878.929515540367,0.3170623779296875,0.358245849609375,51.19061279296875,cluttered_background
D:\Authenticity_Gap_Project\real\Potato___Late_blight\d78c58b2-c9d1-43f2-8b18-4455855c0f1f___RS_LB 3288.JPG,Potato___Late_blight,120.25788879394531,45.06186482720082,5174.490754514001,0.18212890625,0.3230438232421875,68.76176452636719,no_visible_trait
D:\Authenticity_Gap_Project\real\Potato___Late_blight\815516f8-6fb1-4f92-bdff-63349e5ee83f___RS_LB 3237.JPG,Potato___Late_blight,122.40354919433594,55.07683818510871,5487.74595901533,0.178497314453125,0.25091552734375,66.23760986328125,no_visible_trait
D:\Authenticity_Gap_Project\real\Tomato_healthy\59b3cd39-7a2f-4dc0-a08b-4c88f893f338___RS_HL 9792.JPG,Tomato_healthy,126.55322265625,48.122352168079914,13373.273959007114,0.2857513427734375,0.170562744140625,42.81697082519531,partial_or_small_leaf
D:\Authenticity_Gap_Project\real\Potato___Late_blight\050b6d37-4056-4c6c-8359-d7823a488531___RS_LB 3944.JPG,Potato___Late_blight,135.31724548339844,27.05084446888897,3223.578810537001,0.1540985107421875,0.513641357421875,65.70779418945312,no_visible_trait
D:\Authenticity_Gap_Project\real\Potato___Early_blight\392c5f68-3ee5-4b61-90e9-afa16375beb8___RS_Early.B 8047.JPG,Potato___Early_blight,139.82470703125,43.396479449663964,6800.160270925611,0.202911376953125,0.473876953125,68.57978820800781,overexposed
D:\Authenticity_Gap_Project\real\Potato___Late_blight\c3134b97-50a1-4aa2-937d-1e15405b9803___RS_LB 4565.JPG,Potato___Late_blight,114.18003845214844,33.85971224953881,3755.6573953663465,0.1753692626953125,0.417755126953125,80.10595703125,no_visible_trait
D:\Authenticity_Gap_Project\real\Potato___Early_blight\769b00f1-f5cf-4dee-a2c6-6e97414450f6___RS_Early.B 9149.JPG,Potato___Early_blight,124.26315307617188,50.82536209991432,7859.039429781726,0.22894287109375,0.1613311767578125,89.115478515625,partial_or_small_leaf
D:\Authenticity_Gap_Project\real\Tomato_healthy\5bded339-547a-4f93-b7cf-bbf8c948aa26___RS_HL 9748.JPG,Tomato_healthy,136.5196075439453,43.539161821586,7667.000232680701,0.2147216796875,0.2992401123046875,45.80601501464844,overexposed
D:\Authenticity_Gap_Project\real\Potato___Late_blight\89c3b470-f3e6-4a8c-90a0-edfc0ef73085___RS_LB 4543.JPG,Potato___Late_blight,126.29136657714844,46.07111589329548,4860.038691725582,0.1528167724609375,0.165924072265625,61.00184631347656,partial_or_small_leaf
D:\Authenticity_Gap_Project\real\Potato___healthy\3a00204c-5e53-4e5d-95a6-f8819031744e___RS_HL 5420.JPG,Potato___healthy,119.834228515625,33.731457186089656,4651.789516301593,0.14495849609375,0.4476165771484375,54.77961730957031,no_visible_trait
D:\Authenticity_Gap_Project\real\Potato___Early_blight\d06681cc-3ed1-4af2-ae40-2597eaea3dd4___RS_Early.B 8691.JPG,Potato___Early_blight,145.65206909179688,48.182127099345585,7579.973673162749,0.23907470703125,0.19036865234375,84.95590209960938,"overexposed, partial_or_small_leaf"
D:\Authenticity_Gap_Project\real\Potato___Late_blight\790eb0ba-6878-4b5a-85fb-481aa37783a3___RS_LB 3872.JPG,Potato___Late_blight,118.60246276855469,27.925045495609158,2348.3467670595273,0.1048431396484375,0.35760498046875,51.79808044433594,no_visible_trait
D:\Authenticity_Gap_Project\real\Potato___Early_blight\e40b6718-52b6-46a7-970c-5f1b6bae23af___RS_Early.B 8287.JPG,Potato___Early_blight,119.77760314941406,43.742440328649906,3413.175270645879,0.1534271240234375,0.402740478515625,61.28190612792969,no_visible_trait
D:\Authenticity_Gap_Project\real\Potato___Early_blight\4a7c680d-9c18-4065-a6e0-70cd2d0a3207___RS_Early.B 8107.JPG,Potato___Early_blight,125.70344543457031,58.28884803308015,8166.238031551009,0.21331787109375,0.2963104248046875,72.68864440917969,no_visible_trait
D:\Authenticity_Gap_Project\real\Potato___healthy\111cd9d8-4d27-4225-be9e-d29b21cf56b9___RS_HL 5419.JPG,Potato___healthy,132.82373046875,38.95994775286369,6669.841794546694,0.188201904296875,0.5007171630859375,53.99632263183594,no_visible_trait
D:\Authenticity_Gap_Project\real\Potato___Late_blight\fdb7d904-91df-4f00-85bd-0fb038723329___RS_LB 2628.JPG,Potato___Late_blight,111.92724609375,42.287805219671306,3215.251687212847,0.1514892578125,0.3088836669921875,61.05305480957031,no_visible_trait
D:\Authenticity_Gap_Project\real\Potato___Early_blight\1082eee1-189d-4e0f-96b5-8b1393be4c4c___RS_Early.B 8743.JPG,Potato___Early_blight,123.00279235839844,50.95799777030489,4550.695555295795,0.1712188720703125,0.3755950927734375,80.05107116699219,no_visible_trait
D:\Authenticity_Gap_Project\real\Tomato_healthy\0576ef4b-c843-4dfb-b148-c917f7d605b7___GH_HL Leaf 299.JPG,Tomato_healthy,97.50125122070312,23.82594697313978,5553.356839198386,0.1727447509765625,0.45263671875,54.834228515625,no_visible_trait
D:\Authenticity_Gap_Project\real\Tomato_healthy\13053341-b112-411c-bc76-8cadbcb4eded___GH_HL Leaf 223.JPG,Tomato_healthy,106.73124694824219,18.7276312910819,3244.220485366648,0.0986480712890625,0.4321746826171875,42.60009765625,low_contrast
D:\Authenticity_Gap_Project\real\Potato___Late_blight\04b964fd-7033-4cdf-88ef-b1acbcd8183a___RS_LB 2783.JPG,Potato___Late_blight,109.1802978515625,47.7682210460414,4557.002913925564,0.175262451171875,0.456390380859375,93.315673828125,no_visible_trait
D:\Authenticity_Gap_Project\real\Potato___Late_blight\55ed5831-c628-4352-87a8-13077705fb9a___RS_LB 2872.JPG,Potato___Late_blight,111.44941711425781,46.813859266236676,998.4642639225349,0.07635498046875,0.4384765625,98.58502197265625,no_visible_trait
D:\Authenticity_Gap_Project\real\Tomato_healthy\225003c5-d8a1-48ce-b315-42df4b99c51a___RS_HL 0464.JPG,Tomato_healthy,111.81500244140625,52.42314685747531,17973.975472887745,0.304351806640625,0.4283905029296875,71.18026733398438,cluttered_background
D:\Authenticity_Gap_Project\real\Tomato_healthy\d84eb3b6-3321-4034-9bcc-d2cddb8a3467___RS_HL 0053.JPG,Tomato_healthy,117.61691284179688,53.94546244404144,23810.01734933909,0.334442138671875,0.2201690673828125,48.553375244140625,cluttered_background
D:\Authenticity_Gap_Project\real\Potato___Early_blight\686938d8-5fcc-4482-850f-0e8720206046___RS_Early.B 7769.JPG,Potato___Early_blight,148.99632263183594,47.409789201042805,6267.85453146114,0.196380615234375,0.4105682373046875,83.99885559082031,overexposed
D:\Authenticity_Gap_Project\real\Tomato_healthy\b9c8c02c-146e-4d10-b16d-d6d4b245eff9___GH_HL Leaf 233.1.JPG,Tomato_healthy,106.87313842773438,28.452871680621346,11654.091647565365,0.273651123046875,0.4322509765625,45.994659423828125,no_visible_trait
D:\Authenticity_Gap_Project\real\Potato___Early_blight\201fed44-8dde-4ece-9e76-3706b8afdf46___RS_Early.B 8259.JPG,Potato___Early_blight,126.36213684082031,61.13658265210975,8215.466311893426,0.2279815673828125,0.2650909423828125,73.62504577636719,no_visible_trait
D:\Authenticity_Gap_Project\real\Potato___healthy\07dfb451-4378-49d1-b699-33a5fc49ff07___RS_HL 5399.JPG,Potato___healthy,120.59738159179688,47.401585270038055,8490.710066466592,0.214324951171875,0.381072998046875,46.56365966796875,no_visible_trait
D:\Authenticity_Gap_Project\real\Potato___Late_blight\c0aeb29d-b504-47b5-aa5f-940a4f3b4e89___RS_LB 2972.JPG,Potato___Late_blight,88.64297485351562,38.049280100288975,3103.027048951946,0.14373779296875,0.4182586669921875,74.90716552734375,dark
D:\Authenticity_Gap_Project\real\Potato___Late_blight\3221ccec-f264-4046-8252-77a8a357562b___RS_LB 4637.JPG,Potato___Late_blight,112.8544921875,34.80247880668534,1482.496039327234,0.0837860107421875,0.27874755859375,51.45042419433594,no_visible_trait
D:\Authenticity_Gap_Project\real\Potato___Late_blight\e439b96c-2ff6-4d53-b8f0-1ed720536b0c___RS_LB 4449.JPG,Potato___Late_blight,118.26419067382812,35.14777627971585,2793.556453704834,0.138824462890625,0.4881591796875,77.34614562988281,no_visible_trait
D:\Authenticity_Gap_Project\real\Potato___Late_blight\2f76c068-ebba-499d-8819-2d12bde41695___RS_LB 3232.JPG,Potato___Late_blight,109.99046325683594,56.0702761751201,5965.696610007202,0.196441650390625,0.255096435546875,72.21633911132812,no_visible_trait
D:\Authenticity_Gap_Project\real\Tomato_healthy\18fa622c-8257-479a-9c81-7a6fe9a3a41b___GH_HL Leaf 428.JPG,Tomato_healthy,117.93806457519531,20.051542472624757,3196.342918606242,0.079620361328125,0.3824615478515625,50.71160888671875,low_contrast
D:\Authenticity_Gap_Project\real\Tomato_healthy\851e1102-43d8-4bc7-8c41-28e5412b1863___RS_HL 9660.JPG,Tomato_healthy,122.93220520019531,40.67208505375649,8286.096673924243,0.2210235595703125,0.208984375,50.20787048339844,no_visible_trait
D:\Authenticity_Gap_Project\real\Potato___healthy\57e24d88-fd01-4422-b8b5-d688d2296184___RS_HL 5401.JPG,Potato___healthy,107.16290283203125,48.317490704503854,9808.015969766071,0.2503662109375,0.48101806640625,63.52650451660156,no_visible_trait
D:\Authenticity_Gap_Project\real\Potato___Early_blight\f56f07b9-9f3a-4c80-a4f8-daf49f479db2___RS_Early.B 8741.JPG,Potato___Early_blight,147.07102966308594,47.331251308378114,4147.630150899291,0.1523895263671875,0.43536376953125,76.97882080078125,overexposed
D:\Authenticity_Gap_Project\real\Potato___Late_blight\1757f48b-435b-4c4a-9de6-47b959ed1e67___RS_LB 5295.JPG,Potato___Late_blight,104.51243591308594,35.30763194648401,3912.8583758843597,0.1774749755859375,0.3987884521484375,57.23046875,no_visible_trait
D:\Authenticity_Gap_Project\real\Potato___Late_blight\c77d14df-faac-47e9-97e1-fc84a7aa6e74___RS_LB 4322.JPG,Potato___Late_blight,115.09658813476562,41.15903622259926,3597.6838379891124,0.1243133544921875,0.2846221923828125,77.41632080078125,no_visible_trait
D:\Authenticity_Gap_Project\real\Potato___Early_blight\85a9856f-d5ae-4740-a038-517489a25ff5___RS_Early.B 8635.JPG,Potato___Early_blight,134.37550354003906,46.07605795154478,6184.586998756975,0.179962158203125,0.5378875732421875,82.28289794921875,no_visible_trait
D:\Authenticity_Gap_Project\real\Potato___Early_blight\4bac4925-72ff-43e7-8726-5e2126c6c30d___RS_Early.B 8206.JPG,Potato___Early_blight,111.23564147949219,48.9342808529969,5980.099086142145,0.199371337890625,0.4937896728515625,80.3707275390625,no_visible_trait
D:\Authenticity_Gap_Project\real\Potato___Early_blight\d2dcbc63-47c6-4a67-914b-cb1e117b58b0___RS_Early.B 7159.JPG,Potato___Early_blight,132.15707397460938,53.56595134221167,5278.186943039065,0.16314697265625,0.3199462890625,81.84378051757812,no_visible_trait
D:\Authenticity_Gap_Project\real\Potato___Early_blight\92a30efc-6b2f-4e17-8688-e477e5d39bd9___RS_Early.B 7343.JPG,Potato___Early_blight,153.1943359375,37.368883927471025,6346.310285310959,0.17877197265625,0.486358642578125,58.56034851074219,overexposed
D:\Authenticity_Gap_Project\real\Potato___healthy\bde33d08-678c-4f84-b80e-fcb986a9a446___RS_HL 5415.JPG,Potato___healthy,127.72607421875,51.89826116340997,6764.137867338723,0.165252685546875,0.40362548828125,53.889434814453125,no_visible_trait
D:\Authenticity_Gap_Project\real\Potato___Late_blight\dd55ba8d-a425-4b06-9996-bbf315d71e6e___RS_LB 2737.JPG,Potato___Late_blight,111.51313781738281,48.49754637001161,5970.841543175047,0.204132080078125,0.0873870849609375,67.58798217773438,partial_or_small_leaf
D:\Authenticity_Gap_Project\real\Potato___Early_blight\902d81fd-7e78-44b6-b71b-efa61e018c65___RS_Early.B 8100.JPG,Potato___Early_blight,138.65225219726562,52.5905255661799,5598.833517990075,0.1737060546875,0.439453125,70.30857849121094,overexposed
D:\Authenticity_Gap_Project\real\Potato___healthy\c07db642-c675-4066-99b6-56bc8207fb37___RS_HL 4164.JPG,Potato___healthy,126.37266540527344,30.633624770259367,2163.4382934235036,0.0796966552734375,0.46368408203125,74.52078247070312,no_visible_trait
D:\Authenticity_Gap_Project\real\Potato___Late_blight\e12ede80-8428-4424-b95d-5d3267d112a8___RS_LB 3079.JPG,Potato___Late_blight,108.88815307617188,47.57575074927801,6604.0200876833405,0.1894989013671875,0.23638916015625,76.09306335449219,no_visible_trait
D:\Authenticity_Gap_Project\real\Potato___Early_blight\887347a3-ee1c-4141-a423-ffe050dd246e___RS_Early.B 7851.JPG,Potato___Early_blight,126.48033142089844,55.0029133315991,6249.614030039869,0.2039031982421875,0.40997314453125,71.41767883300781,no_visible_trait
D:\Authenticity_Gap_Project\real\Potato___Early_blight\7ba072ea-9bb3-4b5e-8fff-82758ff3f722___RS_Early.B 8262.JPG,Potato___Early_blight,118.05381774902344,62.37108985828171,6869.322840699693,0.2190704345703125,0.225738525390625,76.67977905273438,no_visible_trait
D:\Authenticity_Gap_Project\real\Potato___Early_blight\00d8f10f-5038-4e0f-bb58-0b885ddc0cc5___RS_Early.B 8722.JPG,Potato___Early_blight,122.58265686035156,41.31137018738851,5600.509668316692,0.1891021728515625,0.5781097412109375,57.52388000488281,no_visible_trait
D:\Authenticity_Gap_Project\real\Potato___Early_blight\d472b6e3-a00c-4b4e-b13a-cdababff9d24___RS_Early.B 7699.JPG,Potato___Early_blight,131.02114868164062,58.149209073451985,7278.559142283164,0.2082366943359375,0.3465118408203125,64.42715454101562,no_visible_trait
D:\Authenticity_Gap_Project\real\Potato___Early_blight\b99ba68b-4608-4335-a292-b4249d83762d___RS_Early.B 9096.JPG,Potato___Early_blight,130.08518981933594,53.5424772084696,9045.171106623253,0.2074432373046875,0.2424774169921875,77.5023193359375,no_visible_trait
D:\Authenticity_Gap_Project\real\Potato___Early_blight\f48fc3b4-b7e7-4ad5-a651-0bf61a5173ff___RS_Early.B 8597.JPG,Potato___Early_blight,98.10820007324219,41.641694212879415,6042.868503566831,0.2026519775390625,0.6338043212890625,86.20254516601562,no_visible_trait
D:\Authenticity_Gap_Project\real\Potato___Early_blight\477c3ef0-ab1e-44fb-852d-6b3ce74c93a2___RS_Early.B 7257.JPG,Potato___Early_blight,136.1504364013672,46.49000061933139,6644.350956823677,0.1970672607421875,0.463531494140625,78.06748962402344,overexposed
D:\Authenticity_Gap_Project\real\Potato___Early_blight\9846eead-9fc1-4c35-8b63-1adfbdf0b118___RS_Early.B 8325.JPG,Potato___Early_blight,135.84483337402344,52.97477540953103,7296.295164426556,0.2327117919921875,0.2496185302734375,80.58026123046875,overexposed
D:\Authenticity_Gap_Project\real\Potato___Early_blight\6269c9ec-ef8a-49b5-ab1a-451565529c38___RS_Early.B 7166.JPG,Potato___Early_blight,135.96083068847656,44.257644674421385,7253.060943365097,0.189727783203125,0.36639404296875,60.79441833496094,overexposed
D:\Authenticity_Gap_Project\real\Potato___healthy\5a3fc4bb-a78c-4276-8934-f0b037ffb860___RS_HL 5412.JPG,Potato___healthy,125.68917846679688,46.59563375251716,6920.732618775219,0.175994873046875,0.4037322998046875,52.77919006347656,no_visible_trait
D:\Authenticity_Gap_Project\real\Potato___Early_blight\b2e6d502-8a02-4493-ae91-34bad50b6040___RS_Early.B 7537.JPG,Potato___Early_blight,141.58668518066406,49.660452227749694,5391.299341516336,0.1601104736328125,0.47467041015625,76.85049438476562,overexposed
D:\Authenticity_Gap_Project\real\Potato___Early_blight\1132bee0-fe6b-41a9-9583-7b959c2ca25f___RS_Early.B 7482.JPG,Potato___Early_blight,153.85226440429688,53.10553492547746,5152.759755006991,0.176300048828125,0.440399169921875,59.96598815917969,overexposed
D:\Authenticity_Gap_Project\real\Potato___Early_blight\cdc5ed26-b023-41cb-9cd8-07e62df1e369___RS_Early.B 6864.JPG,Potato___Early_blight,136.18203735351562,51.55794935742635,12909.949411231792,0.2888946533203125,0.5030364990234375,65.0767822265625,overexposed
D:\Authenticity_Gap_Project\real\Potato___healthy\1b434c52-7be4-40c4-90d5-13220f1a3eba___RS_HL 5418.JPG,Potato___healthy,120.51300048828125,40.13563713635078,4140.180429573869,0.134918212890625,0.488800048828125,58.90055847167969,no_visible_trait
D:\Authenticity_Gap_Project\real\Potato___Early_blight\cb615e16-034f-465a-89a6-91e091698723___RS_Early.B 6796.JPG,Potato___Early_blight,135.04981994628906,53.769787693760996,7309.57048796094,0.230224609375,0.4310455322265625,76.8450927734375,no_visible_trait
D:\Authenticity_Gap_Project\real\Potato___Early_blight\09ab9573-90d5-4001-9b74-14551935deef___RS_Early.B 7603.JPG,Potato___Early_blight,122.51216125488281,45.33191063027224,2129.7076720437035,0.14544677734375,0.458770751953125,100.2318115234375,no_visible_trait
D:\Authenticity_Gap_Project\real\Potato___Early_blight\68f056c9-4989-4809-b597-3739ff66afc3___RS_Early.B 8748.JPG,Potato___Early_blight,117.30355834960938,47.70083387916647,3780.0481006035116,0.1526947021484375,0.4214324951171875,73.34584045410156,no_visible_trait
D:\Authenticity_Gap_Project\real\Potato___Early_blight\f9461507-6875-43f7-800d-502ffdb8ec05___RS_Early.B 7604.JPG,Potato___Early_blight,113.95538330078125,43.605596218343145,2278.7664099165704,0.140228271484375,0.4282684326171875,98.38571166992188,no_visible_trait
D:\Authenticity_Gap_Project\real\Potato___Early_blight\8c1f94fb-d8e0-4607-a967-b71408dfd1ab___RS_Early.B 8723.JPG,Potato___Early_blight,115.55842590332031,39.63295539149474,3711.050713900244,0.1406097412109375,0.5416259765625,56.20976257324219,no_visible_trait
D:\Authenticity_Gap_Project\real\Potato___Early_blight\336e5156-8947-46a7-a6fb-e993255d9091___RS_Early.B 8085.JPG,Potato___Early_blight,130.8392333984375,56.60853942548714,6775.534044516971,0.21527099609375,0.264190673828125,83.20787048339844,no_visible_trait
D:\Authenticity_Gap_Project\real\Potato___Early_blight\2639ad26-c7e9-4bd6-8000-c002f676a4c6___RS_Early.B 7150.JPG,Potato___Early_blight,132.60157775878906,46.440652658123085,7814.262601073831,0.211761474609375,0.4354095458984375,86.76399230957031,no_visible_trait
D:\Authenticity_Gap_Project\real\Potato___Early_blight\b09e0cba-0564-4dde-a90d-3c0d90d6336e___RS_Early.B 7776.JPG,Potato___Early_blight,141.85853576660156,44.90289026232841,6373.389066681266,0.1847991943359375,0.2373809814453125,50.79118347167969,overexposed
D:\Authenticity_Gap_Project\real\Potato___Early_blight\ffef8a3b-3e8a-4c24-a27e-64c41708f7a0___RS_Early.B 7132.JPG,Potato___Early_blight,137.2887725830078,55.94614327139231,8452.576881365618,0.2285003662109375,0.36444091796875,67.45101928710938,overexposed
D:\Authenticity_Gap_Project\real\Potato___Early_blight\f536e055-666e-41cc-8ee2-c1af2fbf754a___RS_Early.B 8104.JPG,Potato___Early_blight,129.067138671875,58.20187401521633,10027.670559070073,0.2423858642578125,0.28369140625,66.79664611816406,no_visible_trait
D:\Authenticity_Gap_Project\real\Potato___Early_blight\22b28f50-4141-4ca7-be3f-ccb1c521c2df___RS_Early.B 8285.JPG,Potato___Early_blight,100.33689880371094,45.12839664114115,3523.994974665111,0.170166015625,0.4586334228515625,75.85989379882812,no_visible_trait
D:\Authenticity_Gap_Project\real\Potato___Early_blight\283134dd-8b32-447e-8e82-547d3b69f4d4___RS_Early.B 7494.JPG,Potato___Early_blight,133.66265869140625,42.99722743448063,6440.286257203668,0.2027587890625,0.431793212890625,58.24699401855469,no_visible_trait
D:\Authenticity_Gap_Project\real\Potato___Early_blight\779e2b0a-0922-41bc-9393-da3750494671___RS_Early.B 8382.JPG,Potato___Early_blight,143.81776428222656,45.20301707483231,5596.957147053443,0.1959686279296875,0.5751190185546875,57.719696044921875,overexposed
D:\Authenticity_Gap_Project\real\Potato___Early_blight\b5127f55-debe-459a-98e5-4629750f9c38___RS_Early.B 7496.JPG,Potato___Early_blight,137.2877960205078,62.00742035782512,5145.977434976958,0.15924072265625,0.3318328857421875,54.089935302734375,overexposed
D:\Authenticity_Gap_Project\real\Potato___Early_blight\996c0f04-a33a-4620-8971-469e009abae7___RS_Early.B 8869.JPG,Potato___Early_blight,123.34312438964844,49.177621264715185,5511.075342542492,0.1792449951171875,0.3661346435546875,84.33834838867188,no_visible_trait
D:\Authenticity_Gap_Project\real\Potato___Early_blight\a4cc86e3-ac4d-4b72-89a2-6cf106831908___RS_Early.B 7346.JPG,Potato___Early_blight,143.07711791992188,34.580964603160226,5196.20055937767,0.1564788818359375,0.52734375,62.09901428222656,overexposed
D:\Authenticity_Gap_Project\real\Potato___Early_blight\107827b3-faa5-457c-97fd-3e34d2657f6b___RS_Early.B 7162.JPG,Potato___Early_blight,126.20675659179688,48.57790802111431,6562.717116355896,0.190673828125,0.431793212890625,71.60183715820312,no_visible_trait
